production_id,date,sku,output_quantity,downtime_hours,downtime_reason
PR000001,2023-01-01,SKU0016,1490,0.55,None
PR000002,2020-10-28,SKU0006,893,1.98,None
PR000003,2023-03-03,SKU0025,1390,2.05,Maintenance
PR000004,2024-12-16,SKU0012,1341,3.8,Labor Issue
PR000005,2020-08-23,SKU0011,143,2.7,Material Shortage
PR000006,2019-11-23,SKU0015,383,1.56,Labor Issue
PR000007,2021-09-06,SKU0015,215,2.12,Labor Issue
PR000008,2020-09-20,SKU0016,1384,0.64,Labor Issue
PR000009,2023-06-18,SKU0010,323,1.8,Maintenance
PR000010,2019-10-01,SKU0012,1038,1.34,Maintenance
PR000011,2020-11-15,SKU0028,216,0.29,Material Shortage
PR000012,2019-04-26,SKU0013,1515,0.56,Labor Issue
PR000013,2021-05-10,SKU0004,950,0.69,Maintenance
PR000014,2024-06-26,SKU0007,1570,5.16,Material Shortage
PR000015,2020-11-23,SKU0022,182,0.52,Material Shortage
PR000016,2022-01-10,SKU0002,269,0.68,Labor Issue
PR000017,2024-12-01,SKU0026,944,0.92,Machine Failure
PR000018,2023-11-28,SKU0027,1490,2.18,Labor Issue
PR000019,2019-06-03,SKU0027,869,0.25,Machine Failure
PR000020,2024-03-15,SKU0027,1635,6.16,Material Shortage
PR000021,2022-11-28,SKU0015,1542,4.01,Maintenance
PR000022,2022-07-13,SKU0008,1565,1.72,None
PR000023,2019-11-11,SKU0007,466,2.24,Material Shortage
PR000024,2021-11-30,SKU0015,304,0.03,Maintenance
PR000025,2019-04-15,SKU0023,1167,0.83,Material Shortage
PR000026,2024-04-08,SKU0014,110,3.18,Labor Issue
PR000027,2024-03-28,SKU0008,1013,0.16,Machine Failure
PR000028,2022-05-01,SKU0028,231,0.66,Material Shortage
PR000029,2022-11-25,SKU0012,1714,1.76,Maintenance
PR000030,2023-11-08,SKU0013,1607,0.59,Labor Issue
PR000031,2024-05-14,SKU0030,1745,5.44,None
PR000032,2023-05-23,SKU0011,1755,0.28,Labor Issue
PR000033,2020-12-09,SKU0017,1615,3.19,Machine Failure
PR000034,2020-10-12,SKU0029,1523,1.42,Labor Issue
PR000035,2021-08-04,SKU0017,594,2.78,None
PR000036,2020-10-22,SKU0024,1577,0.74,Maintenance
PR000037,2024-11-16,SKU0004,1296,1.45,Material Shortage
PR000038,2022-02-06,SKU0021,1726,3.89,Machine Failure
PR000039,2020-11-30,SKU0008,172,1.26,None
PR000040,2024-07-31,SKU0005,972,0.89,Machine Failure
PR000041,2020-07-05,SKU0026,1030,1.54,Labor Issue
PR000042,2020-02-09,SKU0016,1178,2.53,Machine Failure
PR000043,2020-04-06,SKU0004,1545,1.17,None
PR000044,2024-12-19,SKU0028,545,5.59,Material Shortage
PR000045,2021-05-23,SKU0022,547,0.7,Material Shortage
PR000046,2019-03-25,SKU0029,1944,1.29,Machine Failure
PR000047,2022-11-23,SKU0015,517,2.83,Maintenance
PR000048,2019-08-09,SKU0012,1943,2.34,Machine Failure
PR000049,2022-10-23,SKU0005,913,3.98,Labor Issue
PR000050,2019-04-22,SKU0030,214,11.49,Material Shortage
PR000051,2020-09-06,SKU0023,133,1.11,Material Shortage
PR000052,2023-05-01,SKU0016,284,0.24,Material Shortage
PR000053,2020-04-19,SKU0014,1149,0.06,Maintenance
PR000054,2024-03-28,SKU0010,1944,2.6,Maintenance
PR000055,2019-09-28,SKU0007,1462,4.14,None
PR000056,2024-04-04,SKU0013,1872,0.5,Machine Failure
PR000057,2022-10-22,SKU0020,685,0.35,Machine Failure
PR000058,2019-02-09,SKU0028,1175,0.13,Labor Issue
PR000059,2024-06-05,SKU0029,330,3.46,Material Shortage
PR000060,2021-09-20,SKU0005,1561,0.75,Maintenance
PR000061,2024-07-05,SKU0029,1406,1.03,Labor Issue
PR000062,2019-10-17,SKU0003,1138,1.4,Labor Issue
PR000063,2019-10-06,SKU0015,893,3.66,Maintenance
PR000064,2020-08-03,SKU0004,1505,2.1,Machine Failure
PR000065,2021-05-12,SKU0015,1307,1.91,Material Shortage
PR000066,2019-09-11,SKU0014,898,0.39,Machine Failure
PR000067,2019-06-30,SKU0020,1098,1.44,Labor Issue
PR000068,2020-11-11,SKU0019,1189,2.51,Material Shortage
PR000069,2021-04-04,SKU0013,1212,7.24,None
PR000070,2020-11-30,SKU0010,77,0.45,Labor Issue
PR000071,2022-09-11,SKU0021,946,0.02,Machine Failure
PR000072,2022-10-12,SKU0005,1625,0.16,Machine Failure
PR000073,2023-08-01,SKU0027,687,0.94,Machine Failure
PR000074,2023-06-27,SKU0023,20,3.44,Maintenance
PR000075,2024-05-11,SKU0020,565,0.01,Labor Issue
PR000076,2019-07-31,SKU0029,1207,1.22,Material Shortage
PR000077,2023-03-19,SKU0020,1894,0.8,Machine Failure
PR000078,2020-01-19,SKU0025,1245,0.11,Machine Failure
PR000079,2023-09-11,SKU0006,826,1.2,Maintenance
PR000080,2019-12-08,SKU0004,1351,0.59,Material Shortage
PR000081,2024-01-13,SKU0002,178,0.87,Labor Issue
PR000082,2024-06-10,SKU0022,1811,2.45,None
PR000083,2021-04-23,SKU0016,1135,1.47,Maintenance
PR000084,2023-03-15,SKU0018,1759,0.27,Labor Issue
PR000085,2020-02-24,SKU0005,1749,6.51,None
PR000086,2024-06-11,SKU0022,1082,2.02,Machine Failure
PR000087,2024-04-16,SKU0004,1350,2.9,Machine Failure
PR000088,2024-01-24,SKU0030,904,0.17,Material Shortage
PR000089,2019-11-02,SKU0013,1644,0.1,None
PR000090,2021-05-18,SKU0019,1920,0.04,Machine Failure
PR000091,2022-02-09,SKU0023,668,0.42,Machine Failure
PR000092,2022-12-05,SKU0002,190,1.07,Material Shortage
PR000093,2019-07-25,SKU0013,1223,5.49,Labor Issue
PR000094,2020-05-10,SKU0011,1335,1.22,Machine Failure
PR000095,2024-03-24,SKU0030,707,0.69,Maintenance
PR000096,2021-11-11,SKU0022,1058,1.65,Maintenance
PR000097,2019-08-01,SKU0029,378,0.24,Labor Issue
PR000098,2019-11-06,SKU0004,386,1.88,None
PR000099,2024-06-14,SKU0022,1781,1.68,Material Shortage
PR000100,2019-09-29,SKU0020,236,3.14,Maintenance
PR000101,2023-12-28,SKU0020,615,8.64,Maintenance
PR000102,2024-09-10,SKU0015,1542,0.58,Labor Issue
PR000103,2020-03-18,SKU0004,282,1.43,None
PR000104,2019-09-11,SKU0009,0,4.79,None
PR000105,2020-06-04,SKU0007,1754,3.08,Labor Issue
PR000106,2021-09-03,SKU0019,463,1.34,Maintenance
PR000107,2019-01-10,SKU0019,1253,5.81,Material Shortage
PR000108,2023-05-03,SKU0006,966,0.12,Maintenance
PR000109,2022-02-08,SKU0006,171,5.35,None
PR000110,2019-06-02,SKU0020,1110,0.1,Maintenance
PR000111,2023-07-17,SKU0015,1576,1.59,Material Shortage
PR000112,2024-01-31,SKU0015,1146,4.42,Machine Failure
PR000113,2022-04-29,SKU0025,842,0.61,Maintenance
PR000114,2023-10-19,SKU0020,1321,1.28,Labor Issue
PR000115,2022-01-09,SKU0009,1908,0.78,Machine Failure
PR000116,2021-06-13,SKU0004,1952,6.08,Labor Issue
PR000117,2022-01-16,SKU0018,689,3.47,Labor Issue
PR000118,2019-04-14,SKU0018,574,2.47,Labor Issue
PR000119,2024-03-29,SKU0005,1507,1.77,Maintenance
PR000120,2021-10-03,SKU0020,164,3.44,None
PR000121,2020-02-11,SKU0023,1722,1.0,Machine Failure
PR000122,2022-11-02,SKU0030,382,1.19,Material Shortage
PR000123,2019-06-16,SKU0011,208,2.62,None
PR000124,2020-05-23,SKU0005,1762,0.89,Maintenance
PR000125,2023-07-20,SKU0022,1455,0.13,Labor Issue
PR000126,2021-02-01,SKU0026,1412,0.15,Material Shortage
PR000127,2020-11-11,SKU0004,1583,0.25,Machine Failure
PR000128,2024-10-21,SKU0029,223,4.08,None
PR000129,2022-03-10,SKU0012,2,1.28,None
PR000130,2020-08-04,SKU0002,371,2.5,Material Shortage
PR000131,2019-09-19,SKU0013,1710,1.0,Maintenance
PR000132,2022-09-25,SKU0010,1469,0.6,Machine Failure
PR000133,2022-08-24,SKU0009,610,0.85,Material Shortage
PR000134,2023-03-19,SKU0010,115,3.16,Labor Issue
PR000135,2020-07-14,SKU0007,1293,1.96,Machine Failure
PR000136,2022-01-04,SKU0004,446,5.55,None
PR000137,2024-03-18,SKU0019,1391,2.28,Material Shortage
PR000138,2019-06-24,SKU0010,1276,1.69,None
PR000139,2024-11-26,SKU0030,1340,1.88,None
PR000140,2019-07-11,SKU0003,414,5.71,None
PR000141,2019-03-06,SKU0025,1118,3.1,Maintenance
PR000142,2023-02-06,SKU0021,1808,0.05,None
PR000143,2023-04-17,SKU0029,891,1.53,Labor Issue
PR000144,2022-02-25,SKU0019,1047,2.33,Labor Issue
PR000145,2024-04-21,SKU0021,1651,2.76,Machine Failure
PR000146,2020-01-04,SKU0002,662,0.48,None
PR000147,2021-04-30,SKU0027,1873,4.04,None
PR000148,2019-02-12,SKU0020,1073,6.24,Material Shortage
PR000149,2024-03-22,SKU0010,1525,0.54,Maintenance
PR000150,2019-03-19,SKU0002,717,4.28,Machine Failure
PR000151,2023-12-30,SKU0002,1521,0.2,None
PR000152,2022-07-17,SKU0028,1358,0.11,Material Shortage
PR000153,2020-11-04,SKU0024,1102,0.28,Maintenance
PR000154,2020-12-01,SKU0017,1605,0.12,Machine Failure
PR000155,2021-01-28,SKU0016,1050,3.73,Machine Failure
PR000156,2024-04-07,SKU0016,270,0.12,None
PR000157,2021-06-20,SKU0014,561,0.63,Machine Failure
PR000158,2021-09-19,SKU0007,803,0.22,Material Shortage
PR000159,2022-04-06,SKU0021,246,0.7,Machine Failure
PR000160,2023-01-16,SKU0011,1799,0.19,Labor Issue
PR000161,2020-01-25,SKU0024,1614,2.21,Material Shortage
PR000162,2021-09-26,SKU0001,386,0.29,Maintenance
PR000163,2020-06-08,SKU0011,701,3.82,Maintenance
PR000164,2024-01-30,SKU0023,558,3.4,None
PR000165,2023-02-15,SKU0021,972,0.03,None
PR000166,2020-10-20,SKU0004,1384,4.52,Labor Issue
PR000167,2021-06-09,SKU0007,1889,0.06,Maintenance
PR000168,2023-01-21,SKU0026,983,0.55,Maintenance
PR000169,2020-03-27,SKU0015,1511,0.07,Maintenance
PR000170,2023-03-18,SKU0018,351,0.82,Maintenance
PR000171,2021-06-01,SKU0012,1724,1.44,Machine Failure
PR000172,2019-11-09,SKU0017,1951,3.19,Material Shortage
PR000173,2021-04-19,SKU0001,1279,0.82,Material Shortage
PR000174,2020-01-10,SKU0011,1245,2.44,Labor Issue
PR000175,2020-03-26,SKU0028,1907,0.42,Machine Failure
PR000176,2020-08-17,SKU0001,752,2.78,Maintenance
PR000177,2022-05-18,SKU0015,780,0.54,Maintenance
PR000178,2020-05-14,SKU0028,1024,0.31,None
PR000179,2020-04-08,SKU0021,545,0.41,None
PR000180,2019-04-23,SKU0010,1469,0.4,Labor Issue
PR000181,2021-11-01,SKU0007,78,1.44,Maintenance
PR000182,2024-04-08,SKU0002,1259,3.73,Labor Issue
PR000183,2019-05-20,SKU0010,333,0.17,Machine Failure
PR000184,2022-11-25,SKU0024,888,2.45,Material Shortage
PR000185,2020-05-31,SKU0004,1372,2.12,Maintenance
PR000186,2024-05-01,SKU0012,1121,4.12,Machine Failure
PR000187,2024-12-05,SKU0019,1105,0.56,Maintenance
PR000188,2021-06-06,SKU0026,501,1.2,None
PR000189,2022-09-03,SKU0011,1990,5.2,Labor Issue
PR000190,2019-02-19,SKU0008,1500,2.16,None
PR000191,2019-01-19,SKU0018,1950,0.98,Material Shortage
PR000192,2020-12-26,SKU0011,1727,0.28,None
PR000193,2023-01-13,SKU0011,764,0.61,Maintenance
PR000194,2020-03-27,SKU0013,920,1.74,None
PR000195,2022-03-10,SKU0003,549,2.53,Maintenance
PR000196,2022-01-12,SKU0012,13,0.27,Material Shortage
PR000197,2019-08-03,SKU0003,391,1.83,None
PR000198,2023-03-30,SKU0010,1370,1.6,Labor Issue
PR000199,2019-05-08,SKU0027,309,1.44,Labor Issue
PR000200,2024-01-20,SKU0017,385,2.34,Labor Issue
PR000201,2021-01-29,SKU0022,1232,3.63,None
PR000202,2023-12-21,SKU0002,1380,0.78,None
PR000203,2019-12-27,SKU0017,973,4.4,None
PR000204,2020-07-22,SKU0016,1624,0.35,Maintenance
PR000205,2022-11-16,SKU0002,1591,0.38,Material Shortage
PR000206,2023-05-17,SKU0028,1117,0.62,Labor Issue
PR000207,2023-08-20,SKU0022,1116,0.25,Maintenance
PR000208,2019-07-21,SKU0030,339,0.52,Labor Issue
PR000209,2024-08-26,SKU0020,596,0.23,Maintenance
PR000210,2020-06-01,SKU0006,1468,3.45,None
PR000211,2022-09-10,SKU0028,756,0.3,Labor Issue
PR000212,2022-12-06,SKU0025,1045,2.75,None
PR000213,2022-09-03,SKU0029,290,0.1,Labor Issue
PR000214,2020-11-11,SKU0010,1508,5.93,Machine Failure
PR000215,2024-06-11,SKU0028,1807,2.48,Maintenance
PR000216,2023-01-31,SKU0010,305,0.01,Machine Failure
PR000217,2020-02-29,SKU0008,633,2.89,Maintenance
PR000218,2024-05-22,SKU0001,1151,1.44,Material Shortage
PR000219,2023-09-09,SKU0013,624,3.02,Labor Issue
PR000220,2021-02-16,SKU0024,938,1.48,Material Shortage
PR000221,2024-11-15,SKU0009,1296,2.05,Material Shortage
PR000222,2024-01-01,SKU0022,847,3.09,Maintenance
PR000223,2019-07-27,SKU0010,441,1.04,Machine Failure
PR000224,2023-03-18,SKU0015,502,0.01,None
PR000225,2023-07-18,SKU0005,129,3.79,Maintenance
PR000226,2019-01-22,SKU0022,1155,0.96,None
PR000227,2019-06-03,SKU0016,596,1.37,Material Shortage
PR000228,2024-05-16,SKU0013,1958,0.02,None
PR000229,2019-08-07,SKU0022,1505,1.35,Machine Failure
PR000230,2020-10-30,SKU0025,861,8.61,Maintenance
PR000231,2023-02-27,SKU0020,1413,0.65,Machine Failure
PR000232,2024-08-29,SKU0018,592,1.01,Machine Failure
PR000233,2021-08-07,SKU0011,998,2.32,Maintenance
PR000234,2020-02-07,SKU0027,324,3.37,Machine Failure
PR000235,2020-08-18,SKU0009,1092,1.08,Labor Issue
PR000236,2022-12-08,SKU0016,1683,0.74,Labor Issue
PR000237,2022-03-03,SKU0002,447,5.56,Labor Issue
PR000238,2023-10-09,SKU0026,1551,2.26,None
PR000239,2022-07-30,SKU0025,818,0.25,Machine Failure
PR000240,2019-03-14,SKU0002,1640,0.14,Maintenance
PR000241,2020-04-25,SKU0012,1188,1.32,Maintenance
PR000242,2020-07-13,SKU0008,1511,0.5,None
PR000243,2021-01-14,SKU0009,1736,0.59,Maintenance
PR000244,2023-01-06,SKU0012,708,4.2,Labor Issue
PR000245,2019-04-10,SKU0026,1449,0.19,Machine Failure
PR000246,2021-12-18,SKU0009,1720,2.51,Maintenance
PR000247,2020-02-17,SKU0010,1857,0.63,Maintenance
PR000248,2021-12-24,SKU0025,264,2.86,Material Shortage
PR000249,2022-03-23,SKU0002,1898,2.56,Material Shortage
PR000250,2024-07-01,SKU0016,611,0.01,Material Shortage
PR000251,2021-03-31,SKU0020,1365,1.42,Machine Failure
PR000252,2020-10-23,SKU0007,831,0.3,Labor Issue
PR000253,2020-07-13,SKU0028,1749,4.02,Labor Issue
PR000254,2022-06-25,SKU0002,1301,4.1,Labor Issue
PR000255,2023-12-19,SKU0001,673,1.08,Machine Failure
PR000256,2020-09-01,SKU0019,1462,1.18,Machine Failure
PR000257,2019-01-25,SKU0028,156,0.72,Material Shortage
PR000258,2024-07-21,SKU0004,1445,2.52,Maintenance
PR000259,2019-10-11,SKU0024,250,0.89,None
PR000260,2023-01-12,SKU0022,877,0.62,None
PR000261,2019-10-28,SKU0027,1632,1.13,Maintenance
PR000262,2021-12-27,SKU0002,529,0.19,Material Shortage
PR000263,2021-10-27,SKU0025,326,2.75,Maintenance
PR000264,2021-03-27,SKU0014,960,0.03,Maintenance
PR000265,2019-03-24,SKU0002,894,2.07,None
PR000266,2024-04-04,SKU0029,96,0.4,Material Shortage
PR000267,2024-09-24,SKU0015,512,0.53,Machine Failure
PR000268,2020-09-09,SKU0012,215,2.02,None
PR000269,2019-06-25,SKU0005,1155,9.91,Machine Failure
PR000270,2022-04-04,SKU0028,1283,3.01,Material Shortage
PR000271,2021-04-21,SKU0020,124,0.51,Maintenance
PR000272,2020-01-05,SKU0029,1105,0.39,Labor Issue
PR000273,2023-12-24,SKU0007,1306,4.02,Labor Issue
PR000274,2024-10-02,SKU0024,1706,1.17,Material Shortage
PR000275,2020-11-20,SKU0021,58,0.29,Labor Issue
PR000276,2023-11-15,SKU0010,1567,3.96,Machine Failure
PR000277,2022-09-26,SKU0014,160,3.39,Labor Issue
PR000278,2022-12-03,SKU0014,283,8.26,Material Shortage
PR000279,2020-01-02,SKU0005,105,4.81,Material Shortage
PR000280,2020-10-05,SKU0018,1128,3.82,Machine Failure
PR000281,2019-03-14,SKU0024,1462,0.11,Labor Issue
PR000282,2022-06-25,SKU0014,227,0.22,Labor Issue
PR000283,2021-05-09,SKU0002,1723,1.68,Maintenance
PR000284,2019-02-12,SKU0026,1605,1.52,None
PR000285,2021-11-30,SKU0012,317,1.22,Material Shortage
PR000286,2023-02-25,SKU0022,1487,1.01,Maintenance
PR000287,2024-09-17,SKU0024,801,1.13,Material Shortage
PR000288,2020-01-04,SKU0006,1622,1.68,Maintenance
PR000289,2019-05-31,SKU0004,1905,0.0,None
PR000290,2022-02-08,SKU0013,873,0.6,Maintenance
PR000291,2023-02-12,SKU0004,471,1.46,Material Shortage
PR000292,2022-12-30,SKU0022,1079,2.56,Labor Issue
PR000293,2021-12-06,SKU0014,624,0.38,Material Shortage
PR000294,2021-10-20,SKU0016,12,1.58,Machine Failure
PR000295,2023-05-18,SKU0029,1463,2.51,Machine Failure
PR000296,2024-08-02,SKU0004,1041,1.18,Machine Failure
PR000297,2022-10-21,SKU0024,693,0.05,Machine Failure
PR000298,2019-03-10,SKU0025,972,1.19,None
PR000299,2021-08-01,SKU0001,112,0.7,Labor Issue
PR000300,2021-03-12,SKU0013,228,5.31,Labor Issue
PR000301,2019-03-02,SKU0004,170,0.27,Material Shortage
PR000302,2021-08-03,SKU0020,294,2.11,Maintenance
PR000303,2022-08-30,SKU0018,188,0.11,Material Shortage
PR000304,2022-03-30,SKU0006,425,1.18,Material Shortage
PR000305,2019-11-27,SKU0003,976,1.61,Material Shortage
PR000306,2023-04-01,SKU0023,1102,0.71,Material Shortage
PR000307,2019-12-04,SKU0013,657,1.21,Labor Issue
PR000308,2023-06-18,SKU0027,918,0.36,Maintenance
PR000309,2022-08-20,SKU0016,1205,0.73,Material Shortage
PR000310,2023-03-07,SKU0027,498,1.94,Labor Issue
PR000311,2023-08-01,SKU0005,1821,0.72,Material Shortage
PR000312,2022-09-23,SKU0004,761,4.6,Machine Failure
PR000313,2023-04-23,SKU0021,865,1.98,Material Shortage
PR000314,2019-10-02,SKU0008,825,1.15,Material Shortage
PR000315,2022-04-02,SKU0019,1731,0.08,None
PR000316,2024-06-16,SKU0014,1858,1.38,Machine Failure
PR000317,2021-05-19,SKU0007,70,2.89,Maintenance
PR000318,2021-10-11,SKU0014,247,0.62,Material Shortage
PR000319,2024-03-26,SKU0006,145,3.29,Maintenance
PR000320,2020-08-25,SKU0012,1641,0.58,Machine Failure
PR000321,2023-12-05,SKU0016,1798,3.47,Material Shortage
PR000322,2020-11-21,SKU0017,1319,0.18,None
PR000323,2020-05-08,SKU0013,581,4.02,Labor Issue
PR000324,2020-05-04,SKU0023,469,1.38,None
PR000325,2020-01-25,SKU0014,1529,0.7,None
PR000326,2019-10-22,SKU0029,192,0.62,Labor Issue
PR000327,2022-10-24,SKU0007,1091,1.13,Labor Issue
PR000328,2023-09-14,SKU0014,493,13.92,Labor Issue
PR000329,2020-10-10,SKU0015,1840,0.5,Material Shortage
PR000330,2024-02-17,SKU0012,51,0.22,Maintenance
PR000331,2020-07-21,SKU0017,881,1.76,Maintenance
PR000332,2020-03-20,SKU0009,362,1.34,Labor Issue
PR000333,2019-12-29,SKU0022,1820,1.49,None
PR000334,2024-12-10,SKU0015,916,2.2,Machine Failure
PR000335,2022-04-26,SKU0012,473,0.62,Labor Issue
PR000336,2021-01-11,SKU0002,1869,4.83,None
PR000337,2024-08-03,SKU0005,520,1.14,None
PR000338,2020-11-10,SKU0013,1786,0.28,Material Shortage
PR000339,2023-07-01,SKU0027,1454,2.71,Material Shortage
PR000340,2023-04-22,SKU0020,1867,2.06,Maintenance
PR000341,2022-09-20,SKU0023,1321,0.76,Maintenance
PR000342,2024-11-09,SKU0008,1458,1.94,Machine Failure
PR000343,2019-03-04,SKU0027,1719,0.5,Machine Failure
PR000344,2022-03-08,SKU0014,690,1.18,Machine Failure
PR000345,2022-05-13,SKU0015,1221,4.59,Machine Failure
PR000346,2019-09-13,SKU0011,1151,0.29,None
PR000347,2019-05-15,SKU0001,531,0.98,None
PR000348,2021-05-24,SKU0021,1434,3.44,Maintenance
PR000349,2021-04-01,SKU0003,1957,6.98,Material Shortage
PR000350,2024-11-05,SKU0017,839,1.21,Material Shortage
PR000351,2021-04-02,SKU0028,1088,1.41,Labor Issue
PR000352,2021-08-31,SKU0019,1717,1.7,None
PR000353,2023-11-13,SKU0014,240,5.39,Machine Failure
PR000354,2019-05-01,SKU0022,1392,3.91,Machine Failure
PR000355,2023-06-26,SKU0030,535,0.37,Labor Issue
PR000356,2022-09-26,SKU0023,1407,1.15,Material Shortage
PR000357,2021-10-04,SKU0008,1454,1.25,Machine Failure
PR000358,2021-07-13,SKU0013,1990,3.11,Material Shortage
PR000359,2020-10-06,SKU0027,82,1.85,Labor Issue
PR000360,2024-07-25,SKU0020,981,2.12,Material Shortage
PR000361,2024-08-30,SKU0003,1854,12.64,Material Shortage
PR000362,2019-08-30,SKU0005,1720,0.16,Material Shortage
PR000363,2023-06-08,SKU0009,950,0.5,Machine Failure
PR000364,2021-03-13,SKU0029,1851,1.05,Maintenance
PR000365,2021-08-21,SKU0006,610,0.85,None
PR000366,2019-03-10,SKU0025,573,0.04,Material Shortage
PR000367,2022-02-26,SKU0022,285,0.19,Material Shortage
PR000368,2019-07-15,SKU0002,988,2.28,Material Shortage
PR000369,2024-12-27,SKU0013,1557,4.23,Maintenance
PR000370,2021-01-15,SKU0005,458,1.44,Labor Issue
PR000371,2023-08-16,SKU0028,1235,1.55,Machine Failure
PR000372,2019-10-04,SKU0027,125,0.59,Maintenance
PR000373,2019-03-02,SKU0025,1436,2.92,Material Shortage
PR000374,2024-03-28,SKU0008,1522,2.79,Maintenance
PR000375,2024-09-30,SKU0023,424,1.78,Maintenance
PR000376,2023-11-08,SKU0001,553,0.48,Maintenance
PR000377,2022-08-27,SKU0020,609,0.2,Labor Issue
PR000378,2024-01-12,SKU0012,1984,0.13,None
PR000379,2020-07-20,SKU0023,1566,1.8,Machine Failure
PR000380,2023-04-21,SKU0011,1181,3.49,Labor Issue
PR000381,2020-09-13,SKU0007,111,3.91,Labor Issue
PR000382,2024-07-18,SKU0015,401,1.25,None
PR000383,2022-04-15,SKU0022,1782,3.07,Labor Issue
PR000384,2019-11-10,SKU0024,121,5.87,Maintenance
PR000385,2024-11-14,SKU0011,272,0.64,Maintenance
PR000386,2022-05-21,SKU0029,1317,1.01,Material Shortage
PR000387,2019-05-17,SKU0022,397,5.36,Labor Issue
PR000388,2021-10-26,SKU0026,470,0.83,Material Shortage
PR000389,2024-11-26,SKU0016,984,4.9,Machine Failure
PR000390,2020-10-23,SKU0003,1230,7.93,Maintenance
PR000391,2019-03-28,SKU0020,1133,2.17,Machine Failure
PR000392,2024-10-24,SKU0014,1463,3.4,None
PR000393,2022-08-01,SKU0003,1301,2.77,Maintenance
PR000394,2023-08-28,SKU0001,1986,2.4,Machine Failure
PR000395,2020-05-09,SKU0026,1591,0.73,None
PR000396,2023-07-06,SKU0021,1910,0.12,Machine Failure
PR000397,2024-04-26,SKU0015,1938,0.84,None
PR000398,2021-12-04,SKU0001,568,2.2,None
PR000399,2022-11-25,SKU0017,1963,0.22,Maintenance
PR000400,2020-08-19,SKU0002,1505,0.02,Material Shortage
PR000401,2020-03-25,SKU0029,1826,0.3,None
PR000402,2020-04-29,SKU0020,1137,2.52,None
PR000403,2020-10-07,SKU0006,1916,7.21,Maintenance
PR000404,2023-06-18,SKU0008,896,8.16,Material Shortage
PR000405,2020-10-23,SKU0029,819,1.36,Labor Issue
PR000406,2021-01-27,SKU0016,852,4.07,Labor Issue
PR000407,2019-10-16,SKU0019,1500,2.67,Material Shortage
PR000408,2020-12-21,SKU0001,709,1.39,Machine Failure
PR000409,2020-09-29,SKU0003,1956,1.7,Maintenance
PR000410,2020-05-13,SKU0028,320,0.3,Material Shortage
PR000411,2020-09-25,SKU0003,178,5.55,Labor Issue
PR000412,2023-08-01,SKU0005,896,0.87,None
PR000413,2024-07-23,SKU0027,218,1.18,Labor Issue
PR000414,2019-04-25,SKU0012,788,2.23,None
PR000415,2020-11-04,SKU0012,1972,0.81,Maintenance
PR000416,2023-10-03,SKU0020,1551,0.59,None
PR000417,2022-06-11,SKU0013,491,1.99,Material Shortage
PR000418,2019-05-27,SKU0020,1914,0.05,None
PR000419,2024-12-05,SKU0009,60,2.55,Machine Failure
PR000420,2020-02-16,SKU0007,1077,1.44,Material Shortage
PR000421,2023-08-15,SKU0004,1703,1.86,Maintenance
PR000422,2023-03-13,SKU0019,537,2.0,Material Shortage
PR000423,2019-05-17,SKU0022,847,1.5,Machine Failure
PR000424,2019-01-19,SKU0019,987,1.75,Maintenance
PR000425,2024-05-13,SKU0006,64,2.3,Labor Issue
PR000426,2021-09-28,SKU0027,1635,2.8,Machine Failure
PR000427,2020-03-24,SKU0013,585,2.6,Maintenance
PR000428,2024-05-02,SKU0011,1727,4.07,None
PR000429,2021-08-03,SKU0013,170,0.42,Material Shortage
PR000430,2022-10-09,SKU0013,1296,1.03,Maintenance
PR000431,2023-03-03,SKU0028,1912,5.91,Material Shortage
PR000432,2019-05-21,SKU0025,1722,1.01,None
PR000433,2024-04-04,SKU0022,534,0.27,Maintenance
PR000434,2019-04-03,SKU0028,1414,1.49,Labor Issue
PR000435,2019-08-27,SKU0020,1963,0.23,Machine Failure
PR000436,2019-07-24,SKU0015,692,0.45,Maintenance
PR000437,2022-12-27,SKU0021,1350,12.78,None
PR000438,2019-09-02,SKU0013,107,1.56,Maintenance
PR000439,2021-04-11,SKU0022,1870,0.67,Material Shortage
PR000440,2019-10-22,SKU0011,1185,10.51,Maintenance
PR000441,2021-05-05,SKU0019,813,6.8,Labor Issue
PR000442,2024-08-26,SKU0008,1004,1.16,Maintenance
PR000443,2019-03-12,SKU0020,451,0.6,Machine Failure
PR000444,2022-07-16,SKU0008,1229,3.65,Maintenance
PR000445,2022-09-10,SKU0010,589,2.51,Material Shortage
PR000446,2019-11-01,SKU0026,1039,2.32,Maintenance
PR000447,2021-10-27,SKU0016,326,4.47,Labor Issue
PR000448,2022-08-30,SKU0019,607,2.34,None
PR000449,2021-03-27,SKU0026,658,0.67,Maintenance
PR000450,2022-01-31,SKU0023,1,2.37,Maintenance
PR000451,2021-03-31,SKU0011,1033,0.73,Machine Failure
PR000452,2019-07-12,SKU0013,433,2.85,Labor Issue
PR000453,2023-11-12,SKU0028,124,1.93,None
PR000454,2020-06-12,SKU0009,1104,0.16,Material Shortage
PR000455,2019-09-08,SKU0020,484,1.44,Maintenance
PR000456,2023-11-24,SKU0024,651,0.84,None
PR000457,2024-07-19,SKU0019,1861,0.8,Material Shortage
PR000458,2022-11-04,SKU0016,1173,1.84,Labor Issue
PR000459,2022-03-13,SKU0007,799,0.78,Labor Issue
PR000460,2024-09-03,SKU0019,872,3.0,None
PR000461,2022-01-01,SKU0012,1363,0.15,Material Shortage
PR000462,2024-01-22,SKU0015,128,2.16,Labor Issue
PR000463,2020-05-19,SKU0023,437,3.31,None
PR000464,2023-06-10,SKU0014,750,2.23,Labor Issue
PR000465,2022-10-19,SKU0011,500,1.38,Labor Issue
PR000466,2022-05-07,SKU0026,1081,6.0,Labor Issue
PR000467,2020-12-18,SKU0010,1221,0.71,Machine Failure
PR000468,2019-12-05,SKU0027,210,0.04,Material Shortage
PR000469,2020-10-20,SKU0011,1937,1.13,None
PR000470,2021-08-19,SKU0006,901,0.07,None
PR000471,2020-03-04,SKU0002,44,6.16,Material Shortage
PR000472,2021-06-17,SKU0011,1120,0.47,Material Shortage
PR000473,2019-05-19,SKU0019,1302,3.11,Material Shortage
PR000474,2020-06-25,SKU0006,534,2.98,Material Shortage
PR000475,2024-10-05,SKU0014,1433,0.49,Maintenance
PR000476,2022-06-09,SKU0020,460,1.94,None
PR000477,2020-01-19,SKU0006,390,0.1,Maintenance
PR000478,2019-07-13,SKU0017,1870,1.32,Labor Issue
PR000479,2024-03-10,SKU0010,1067,0.03,Labor Issue
PR000480,2021-01-01,SKU0028,26,5.08,None
PR000481,2024-12-03,SKU0001,793,7.47,Labor Issue
PR000482,2020-11-15,SKU0003,1120,0.5,Material Shortage
PR000483,2019-03-23,SKU0008,974,0.47,Maintenance
PR000484,2020-06-15,SKU0008,547,2.8,Material Shortage
PR000485,2024-06-06,SKU0027,620,0.58,Labor Issue
PR000486,2019-08-09,SKU0020,566,4.51,Maintenance
PR000487,2020-09-26,SKU0022,703,1.71,Material Shortage
PR000488,2023-11-05,SKU0015,1242,0.86,None
PR000489,2024-02-18,SKU0024,184,3.58,Material Shortage
PR000490,2019-01-03,SKU0007,1092,1.36,Labor Issue
PR000491,2023-09-14,SKU0011,1852,4.85,Maintenance
PR000492,2019-07-25,SKU0007,1153,5.26,None
PR000493,2024-01-30,SKU0029,1590,0.36,Maintenance
PR000494,2019-02-09,SKU0004,1913,0.0,None
PR000495,2024-10-07,SKU0025,1632,8.26,Maintenance
PR000496,2020-10-05,SKU0012,847,4.73,Labor Issue
PR000497,2023-03-11,SKU0026,598,0.11,None
PR000498,2024-03-22,SKU0006,805,3.58,Machine Failure
PR000499,2024-11-13,SKU0014,1654,1.22,Maintenance
PR000500,2021-06-16,SKU0012,1743,0.6,Maintenance
PR000501,2021-12-21,SKU0011,1357,4.22,Material Shortage
PR000502,2022-07-03,SKU0019,1948,0.44,None
PR000503,2020-11-01,SKU0021,1177,5.89,Machine Failure
PR000504,2023-02-14,SKU0005,1570,0.46,Labor Issue
PR000505,2020-12-19,SKU0014,78,1.9,Material Shortage
PR000506,2021-12-07,SKU0021,578,0.5,Machine Failure
PR000507,2024-05-09,SKU0024,1878,1.58,None
PR000508,2022-03-05,SKU0016,412,2.3,Machine Failure
PR000509,2019-09-07,SKU0025,545,0.42,Maintenance
PR000510,2024-03-07,SKU0013,1632,1.47,Maintenance
PR000511,2024-01-28,SKU0025,168,1.27,Material Shortage
PR000512,2023-02-12,SKU0029,680,0.15,None
PR000513,2022-05-19,SKU0022,1686,3.41,None
PR000514,2019-02-13,SKU0022,582,0.82,Machine Failure
PR000515,2020-08-05,SKU0025,514,1.71,Material Shortage
PR000516,2022-07-12,SKU0020,1337,1.45,None
PR000517,2019-08-08,SKU0022,31,1.44,Maintenance
PR000518,2024-04-09,SKU0004,286,0.23,Machine Failure
PR000519,2021-09-17,SKU0011,593,1.1,Labor Issue
PR000520,2023-12-18,SKU0017,1066,1.2,Maintenance
PR000521,2021-05-07,SKU0007,1926,2.65,Material Shortage
PR000522,2021-03-14,SKU0014,616,3.67,None
PR000523,2020-05-04,SKU0026,1024,1.57,Maintenance
PR000524,2023-11-16,SKU0011,1596,0.18,Labor Issue
PR000525,2023-02-02,SKU0028,269,0.54,Labor Issue
PR000526,2023-09-02,SKU0022,1203,0.36,Material Shortage
PR000527,2019-02-23,SKU0009,1759,0.27,Maintenance
PR000528,2020-09-07,SKU0023,517,0.91,Machine Failure
PR000529,2021-12-18,SKU0013,1126,0.52,Maintenance
PR000530,2024-01-23,SKU0023,1033,0.49,Labor Issue
PR000531,2021-08-12,SKU0018,582,0.11,Material Shortage
PR000532,2023-06-18,SKU0028,1113,0.04,Material Shortage
PR000533,2020-10-11,SKU0011,225,0.22,Machine Failure
PR000534,2020-01-30,SKU0015,669,0.38,Material Shortage
PR000535,2022-09-21,SKU0025,1763,1.13,Material Shortage
PR000536,2020-01-06,SKU0026,916,1.43,Material Shortage
PR000537,2021-05-07,SKU0025,125,0.3,Material Shortage
PR000538,2021-03-01,SKU0022,955,1.11,Material Shortage
PR000539,2020-10-19,SKU0029,1232,0.84,Labor Issue
PR000540,2022-10-24,SKU0019,1120,0.41,Maintenance
PR000541,2020-01-19,SKU0001,73,0.01,None
PR000542,2024-10-10,SKU0004,1650,1.26,Material Shortage
PR000543,2019-08-27,SKU0014,1214,2.31,None
PR000544,2019-07-14,SKU0014,1705,0.51,None
PR000545,2024-10-09,SKU0003,1842,0.28,Labor Issue
PR000546,2022-02-26,SKU0030,1983,4.36,Material Shortage
PR000547,2024-07-08,SKU0028,1739,0.64,None
PR000548,2019-06-05,SKU0017,55,0.51,Material Shortage
PR000549,2021-07-11,SKU0003,719,3.89,Machine Failure
PR000550,2023-05-29,SKU0016,552,3.4,Machine Failure
PR000551,2021-09-01,SKU0014,31,1.19,Machine Failure
PR000552,2022-05-15,SKU0030,1550,1.34,None
PR000553,2023-12-20,SKU0020,573,0.49,Machine Failure
PR000554,2021-04-17,SKU0029,666,0.16,Labor Issue
PR000555,2024-06-30,SKU0013,283,1.7,Labor Issue
PR000556,2022-09-25,SKU0015,1744,0.21,None
PR000557,2019-07-23,SKU0014,1855,1.19,Material Shortage
PR000558,2019-06-10,SKU0024,1517,5.64,Maintenance
PR000559,2020-01-27,SKU0025,186,6.11,Material Shortage
PR000560,2021-02-07,SKU0019,497,0.55,Material Shortage
PR000561,2021-12-29,SKU0006,1465,1.96,Material Shortage
PR000562,2020-02-09,SKU0010,129,1.29,Material Shortage
PR000563,2020-08-30,SKU0027,638,4.17,Maintenance
PR000564,2023-06-03,SKU0015,1315,0.63,Machine Failure
PR000565,2023-03-21,SKU0021,113,0.01,Material Shortage
PR000566,2024-01-12,SKU0022,1222,0.35,Labor Issue
PR000567,2020-11-20,SKU0020,12,0.86,None
PR000568,2022-05-25,SKU0026,1294,0.76,None
PR000569,2024-10-04,SKU0006,1624,3.13,Labor Issue
PR000570,2020-01-01,SKU0023,1238,2.28,Material Shortage
PR000571,2023-09-19,SKU0025,443,0.71,Maintenance
PR000572,2020-03-30,SKU0010,1813,1.22,Machine Failure
PR000573,2019-04-14,SKU0007,1535,0.2,None
PR000574,2019-03-18,SKU0022,446,4.57,Machine Failure
PR000575,2019-08-18,SKU0017,985,5.48,Maintenance
PR000576,2024-04-21,SKU0018,992,7.8,None
PR000577,2022-04-20,SKU0017,714,4.06,Machine Failure
PR000578,2021-06-11,SKU0009,73,0.38,Maintenance
PR000579,2023-04-23,SKU0010,536,0.09,Machine Failure
PR000580,2024-09-05,SKU0010,100,1.73,Material Shortage
PR000581,2023-08-03,SKU0025,175,4.87,Maintenance
PR000582,2019-10-26,SKU0007,426,0.39,Machine Failure
PR000583,2021-08-14,SKU0016,1140,0.01,Material Shortage
PR000584,2022-01-19,SKU0029,1189,3.27,Material Shortage
PR000585,2023-01-14,SKU0018,40,0.16,Maintenance
PR000586,2019-12-31,SKU0006,428,1.07,Labor Issue
PR000587,2023-08-26,SKU0027,343,2.27,None
PR000588,2019-12-17,SKU0020,1447,0.54,Maintenance
PR000589,2024-03-19,SKU0001,365,0.18,Material Shortage
PR000590,2021-10-08,SKU0001,1143,2.94,Material Shortage
PR000591,2020-05-13,SKU0012,608,1.99,Maintenance
PR000592,2021-08-07,SKU0021,656,8.93,Labor Issue
PR000593,2024-06-17,SKU0028,727,0.84,None
PR000594,2024-08-08,SKU0002,228,0.13,Machine Failure
PR000595,2020-05-22,SKU0004,824,2.65,Maintenance
PR000596,2022-08-20,SKU0017,1153,1.48,None
PR000597,2019-06-15,SKU0004,1375,0.48,None
PR000598,2021-07-08,SKU0011,888,3.04,Material Shortage
PR000599,2019-04-24,SKU0022,1341,0.46,Machine Failure
PR000600,2021-09-18,SKU0026,983,0.6,Maintenance
PR000601,2024-05-05,SKU0004,1672,0.19,Material Shortage
PR000602,2022-06-12,SKU0001,835,1.02,Material Shortage
PR000603,2020-05-29,SKU0007,1360,1.09,Labor Issue
PR000604,2022-05-16,SKU0030,1296,1.45,None
PR000605,2020-12-09,SKU0018,116,2.47,Maintenance
PR000606,2024-12-25,SKU0009,817,4.73,Maintenance
PR000607,2019-12-05,SKU0029,367,0.3,Maintenance
PR000608,2019-03-09,SKU0003,1117,0.11,Material Shortage
PR000609,2023-05-16,SKU0008,167,0.04,Labor Issue
PR000610,2023-04-14,SKU0029,953,0.31,Machine Failure
PR000611,2020-01-18,SKU0024,1738,2.15,Material Shortage
PR000612,2019-01-19,SKU0019,1364,2.6,Machine Failure
PR000613,2024-10-22,SKU0004,660,3.09,Labor Issue
PR000614,2020-07-26,SKU0018,1937,0.56,None
PR000615,2022-07-23,SKU0020,694,0.73,Maintenance
PR000616,2024-04-27,SKU0027,924,1.32,Machine Failure
PR000617,2020-10-12,SKU0011,151,0.13,Material Shortage
PR000618,2023-07-04,SKU0027,585,1.89,Machine Failure
PR000619,2021-09-20,SKU0014,1900,8.24,None
PR000620,2022-08-31,SKU0025,912,0.9,Maintenance
PR000621,2021-06-19,SKU0018,273,2.8,Machine Failure
PR000622,2023-08-12,SKU0028,1577,1.39,None
PR000623,2023-05-05,SKU0028,495,0.27,Material Shortage
PR000624,2024-04-07,SKU0029,1747,1.75,Labor Issue
PR000625,2023-11-17,SKU0016,100,0.71,Material Shortage
PR000626,2022-02-10,SKU0003,556,0.07,Maintenance
PR000627,2024-04-28,SKU0015,1105,2.02,Material Shortage
PR000628,2021-11-03,SKU0027,1552,3.92,Material Shortage
PR000629,2023-10-05,SKU0027,72,0.85,Material Shortage
PR000630,2019-10-15,SKU0004,1037,0.99,Material Shortage
PR000631,2023-05-10,SKU0005,1456,4.43,Maintenance
PR000632,2023-10-12,SKU0017,156,3.36,None
PR000633,2022-01-03,SKU0007,734,2.51,Machine Failure
PR000634,2021-07-28,SKU0016,131,0.57,Labor Issue
PR000635,2022-12-19,SKU0014,1361,4.82,Machine Failure
PR000636,2020-07-24,SKU0026,1018,0.34,Machine Failure
PR000637,2021-09-27,SKU0016,1427,1.97,Labor Issue
PR000638,2022-04-20,SKU0007,1399,0.06,Maintenance
PR000639,2021-07-06,SKU0009,1911,2.06,Labor Issue
PR000640,2024-02-18,SKU0004,558,0.65,Maintenance
PR000641,2021-04-12,SKU0030,106,1.19,Machine Failure
PR000642,2023-08-06,SKU0030,1643,0.85,Maintenance
PR000643,2020-09-07,SKU0022,264,0.38,None
PR000644,2020-02-10,SKU0011,1228,1.95,Labor Issue
PR000645,2023-10-16,SKU0002,1102,4.27,None
PR000646,2019-04-03,SKU0012,154,6.39,Machine Failure
PR000647,2020-10-15,SKU0012,1806,0.43,Labor Issue
PR000648,2020-03-09,SKU0030,987,2.53,Machine Failure
PR000649,2022-02-09,SKU0004,996,2.18,None
PR000650,2020-01-10,SKU0018,246,0.84,Machine Failure
PR000651,2021-12-02,SKU0026,530,0.04,Labor Issue
PR000652,2019-07-26,SKU0021,857,2.34,Labor Issue
PR000653,2021-02-18,SKU0007,1971,5.82,Machine Failure
PR000654,2022-08-12,SKU0029,537,2.0,Labor Issue
PR000655,2022-02-15,SKU0001,728,1.14,Labor Issue
PR000656,2020-06-15,SKU0026,1177,1.49,Machine Failure
PR000657,2019-03-31,SKU0026,153,0.45,None
PR000658,2022-01-22,SKU0023,1709,2.78,Labor Issue
PR000659,2019-01-13,SKU0026,91,2.74,Labor Issue
PR000660,2024-02-01,SKU0013,1456,0.31,Labor Issue
PR000661,2021-03-15,SKU0006,337,4.21,Labor Issue
PR000662,2021-08-02,SKU0006,1503,0.63,Machine Failure
PR000663,2024-02-01,SKU0012,1716,8.06,None
PR000664,2023-05-30,SKU0008,1154,0.97,None
PR000665,2024-05-13,SKU0024,449,0.39,Maintenance
PR000666,2021-11-18,SKU0022,809,0.87,Labor Issue
PR000667,2019-10-23,SKU0019,786,1.16,Labor Issue
PR000668,2021-07-14,SKU0005,272,0.14,Maintenance
PR000669,2020-10-01,SKU0018,1952,1.73,None
PR000670,2020-09-19,SKU0030,587,1.82,Material Shortage
PR000671,2022-03-13,SKU0005,176,2.69,Material Shortage
PR000672,2021-07-30,SKU0030,1719,0.06,None
PR000673,2021-04-09,SKU0025,830,1.56,Labor Issue
PR000674,2023-11-06,SKU0010,642,0.11,Material Shortage
PR000675,2021-09-02,SKU0001,1898,2.42,Machine Failure
PR000676,2021-08-12,SKU0010,1072,0.11,Machine Failure
PR000677,2022-06-16,SKU0005,566,4.85,Maintenance
PR000678,2021-08-09,SKU0012,665,2.42,None
PR000679,2021-08-01,SKU0022,1378,1.42,None
PR000680,2022-04-19,SKU0030,1735,1.17,Material Shortage
PR000681,2024-11-05,SKU0027,1331,0.28,Labor Issue
PR000682,2023-03-15,SKU0007,867,0.69,None
PR000683,2022-01-01,SKU0009,1908,4.06,Material Shortage
PR000684,2019-06-28,SKU0022,1653,4.7,Material Shortage
PR000685,2024-01-03,SKU0021,1798,0.0,None
PR000686,2022-06-11,SKU0012,1069,1.8,Material Shortage
PR000687,2020-04-09,SKU0023,301,2.54,Maintenance
PR000688,2023-11-10,SKU0029,867,1.93,Maintenance
PR000689,2022-05-15,SKU0001,911,0.17,None
PR000690,2021-06-03,SKU0011,407,0.49,Labor Issue
PR000691,2022-08-25,SKU0030,1212,0.58,Maintenance
PR000692,2023-07-13,SKU0021,821,3.56,Maintenance
PR000693,2021-08-02,SKU0015,1853,1.24,None
PR000694,2021-07-13,SKU0002,1152,1.33,Machine Failure
PR000695,2024-04-22,SKU0020,560,5.46,Material Shortage
PR000696,2020-05-08,SKU0007,1560,2.03,Maintenance
PR000697,2023-03-27,SKU0021,1289,4.58,Machine Failure
PR000698,2024-05-23,SKU0012,1141,1.22,Labor Issue
PR000699,2021-12-30,SKU0022,463,0.32,Machine Failure
PR000700,2023-12-31,SKU0018,143,5.32,None
PR000701,2021-02-01,SKU0003,441,1.23,Labor Issue
PR000702,2019-02-19,SKU0007,1223,0.4,Labor Issue
PR000703,2021-06-24,SKU0011,1180,0.72,Machine Failure
PR000704,2020-07-17,SKU0018,486,0.1,None
PR000705,2021-02-21,SKU0012,859,1.26,Maintenance
PR000706,2024-08-02,SKU0006,1157,3.84,Machine Failure
PR000707,2024-01-06,SKU0005,1935,5.42,Maintenance
PR000708,2020-08-06,SKU0026,147,5.39,Machine Failure
PR000709,2022-08-12,SKU0001,1359,0.27,Maintenance
PR000710,2019-08-24,SKU0012,1094,0.96,Machine Failure
PR000711,2024-10-04,SKU0027,1256,0.06,Labor Issue
PR000712,2024-04-26,SKU0026,1357,3.86,Material Shortage
PR000713,2019-12-26,SKU0011,810,0.89,Labor Issue
PR000714,2024-04-14,SKU0004,665,1.99,Maintenance
PR000715,2019-04-20,SKU0027,89,2.51,None
PR000716,2019-07-11,SKU0018,1357,1.12,Labor Issue
PR000717,2021-06-22,SKU0004,198,0.73,Material Shortage
PR000718,2022-01-21,SKU0017,1184,6.55,Maintenance
PR000719,2021-05-11,SKU0002,537,6.68,Labor Issue
PR000720,2021-12-19,SKU0029,1144,0.68,Machine Failure
PR000721,2020-10-11,SKU0024,300,1.31,None
PR000722,2019-02-08,SKU0022,723,7.21,Maintenance
PR000723,2020-09-28,SKU0002,1598,0.01,Labor Issue
PR000724,2021-11-02,SKU0012,962,1.06,Maintenance
PR000725,2019-02-05,SKU0006,1459,0.21,Machine Failure
PR000726,2024-11-18,SKU0010,67,1.42,Material Shortage
PR000727,2022-09-23,SKU0025,1788,0.05,Labor Issue
PR000728,2024-06-06,SKU0023,1945,1.04,Maintenance
PR000729,2019-06-15,SKU0025,458,0.5,Maintenance
PR000730,2024-02-23,SKU0021,1537,1.52,Maintenance
PR000731,2019-01-31,SKU0023,397,11.04,Material Shortage
PR000732,2019-01-11,SKU0027,619,3.22,Maintenance
PR000733,2024-07-04,SKU0016,1309,3.74,None
PR000734,2024-11-13,SKU0014,1584,2.02,None
PR000735,2020-04-30,SKU0007,1163,0.08,Maintenance
PR000736,2022-07-13,SKU0028,729,0.46,None
PR000737,2022-12-18,SKU0028,555,5.18,Labor Issue
PR000738,2024-04-27,SKU0019,1952,0.91,None
PR000739,2024-05-17,SKU0023,780,0.22,Maintenance
PR000740,2024-01-26,SKU0017,1613,2.42,Machine Failure
PR000741,2023-01-09,SKU0009,1751,0.71,Labor Issue
PR000742,2022-09-28,SKU0026,893,0.63,Material Shortage
PR000743,2021-09-17,SKU0013,609,12.41,Maintenance
PR000744,2021-04-04,SKU0022,747,3.91,Material Shortage
PR000745,2023-01-02,SKU0005,281,1.05,Machine Failure
PR000746,2024-11-23,SKU0023,660,7.85,Material Shortage
PR000747,2019-08-14,SKU0005,923,2.1,Maintenance
PR000748,2021-02-15,SKU0010,1839,2.71,Maintenance
PR000749,2022-01-17,SKU0021,995,0.06,Machine Failure
PR000750,2020-11-18,SKU0027,1959,0.26,Maintenance
PR000751,2020-06-13,SKU0010,1601,2.01,Machine Failure
PR000752,2021-08-29,SKU0027,745,4.59,Machine Failure
PR000753,2021-07-24,SKU0007,1480,1.95,Maintenance
PR000754,2022-11-23,SKU0026,86,0.29,None
PR000755,2024-11-23,SKU0015,1102,0.25,Machine Failure
PR000756,2022-07-18,SKU0007,1228,3.72,Maintenance
PR000757,2024-06-21,SKU0029,790,0.3,None
PR000758,2023-03-07,SKU0027,1360,1.47,Machine Failure
PR000759,2020-11-09,SKU0015,1277,0.08,None
PR000760,2019-02-09,SKU0003,303,0.17,Labor Issue
PR000761,2022-01-10,SKU0019,1403,2.23,Labor Issue
PR000762,2021-04-24,SKU0010,129,2.34,None
PR000763,2023-10-10,SKU0028,595,0.84,Machine Failure
PR000764,2020-03-22,SKU0029,1299,0.49,Maintenance
PR000765,2022-05-19,SKU0015,1722,3.36,Material Shortage
PR000766,2022-09-12,SKU0003,557,0.49,Maintenance
PR000767,2019-08-15,SKU0006,898,1.56,Material Shortage
PR000768,2019-02-17,SKU0012,1206,6.9,Material Shortage
PR000769,2023-01-02,SKU0015,1291,0.32,Machine Failure
PR000770,2024-01-05,SKU0006,1831,5.66,None
PR000771,2019-07-06,SKU0013,1345,0.4,Maintenance
PR000772,2024-04-16,SKU0029,1535,1.68,None
PR000773,2021-04-28,SKU0019,1635,0.95,Labor Issue
PR000774,2024-07-25,SKU0003,77,6.7,Machine Failure
PR000775,2022-06-06,SKU0008,783,0.64,Machine Failure
PR000776,2022-11-14,SKU0008,1362,1.02,Labor Issue
PR000777,2021-09-05,SKU0023,673,8.13,Maintenance
PR000778,2023-06-01,SKU0026,1579,1.54,Labor Issue
PR000779,2021-10-13,SKU0020,1532,1.4,Maintenance
PR000780,2024-02-25,SKU0015,237,0.6,Material Shortage
PR000781,2019-09-27,SKU0004,1157,2.42,Machine Failure
PR000782,2023-06-19,SKU0019,1996,0.03,Maintenance
PR000783,2019-11-06,SKU0021,1215,0.1,None
PR000784,2024-08-05,SKU0003,1379,1.83,None
PR000785,2023-04-24,SKU0013,277,0.84,Machine Failure
PR000786,2021-12-31,SKU0008,1041,6.13,Labor Issue
PR000787,2023-08-23,SKU0023,523,4.67,Labor Issue
PR000788,2022-12-16,SKU0016,179,2.5,Maintenance
PR000789,2024-12-07,SKU0013,122,3.41,Labor Issue
PR000790,2019-08-08,SKU0003,1269,2.2,Machine Failure
PR000791,2019-02-22,SKU0016,1757,0.27,Maintenance
PR000792,2023-10-24,SKU0009,1396,2.9,Material Shortage
PR000793,2023-01-14,SKU0028,1074,0.47,Labor Issue
PR000794,2023-07-25,SKU0014,1094,0.78,Labor Issue
PR000795,2022-06-14,SKU0013,479,3.42,Maintenance
PR000796,2020-12-20,SKU0021,1583,1.54,None
PR000797,2020-02-10,SKU0025,1042,3.93,Labor Issue
PR000798,2019-03-13,SKU0007,1797,0.48,Machine Failure
PR000799,2024-01-28,SKU0015,83,1.87,Labor Issue
PR000800,2024-08-15,SKU0007,1178,0.18,Material Shortage
PR000801,2022-05-14,SKU0006,564,2.06,Labor Issue
PR000802,2023-04-17,SKU0002,618,2.88,None
PR000803,2020-01-22,SKU0009,356,1.76,Labor Issue
PR000804,2023-11-27,SKU0022,815,0.62,Maintenance
PR000805,2020-11-29,SKU0024,646,0.06,Labor Issue
PR000806,2022-04-15,SKU0017,442,0.25,None
PR000807,2021-04-06,SKU0005,1092,1.95,Maintenance
PR000808,2023-12-28,SKU0012,522,5.45,Machine Failure
PR000809,2019-12-15,SKU0001,142,0.46,Maintenance
PR000810,2022-07-02,SKU0010,191,2.66,Material Shortage
PR000811,2019-11-04,SKU0011,1410,4.03,Maintenance
PR000812,2022-02-24,SKU0016,377,1.47,Machine Failure
PR000813,2024-05-14,SKU0014,580,2.21,Labor Issue
PR000814,2021-02-04,SKU0008,534,3.37,Maintenance
PR000815,2020-12-25,SKU0024,1716,0.6,Maintenance
PR000816,2023-06-08,SKU0017,1316,0.7,Maintenance
PR000817,2020-01-18,SKU0025,1032,0.0,Maintenance
PR000818,2020-06-08,SKU0018,1294,6.6,Machine Failure
PR000819,2019-10-03,SKU0012,1410,4.99,None
PR000820,2019-12-03,SKU0025,92,2.89,None
PR000821,2024-05-27,SKU0017,1989,0.16,Maintenance
PR000822,2020-04-25,SKU0028,528,1.19,Machine Failure
PR000823,2021-06-29,SKU0026,1177,0.21,Machine Failure
PR000824,2024-06-19,SKU0014,404,0.03,Maintenance
PR000825,2022-09-13,SKU0016,839,1.92,Material Shortage
PR000826,2024-07-26,SKU0014,1172,6.48,Maintenance
PR000827,2023-10-21,SKU0009,888,4.66,Material Shortage
PR000828,2019-04-19,SKU0004,1290,2.39,Maintenance
PR000829,2019-11-24,SKU0025,421,0.2,Material Shortage
PR000830,2023-12-05,SKU0023,1863,0.64,Material Shortage
PR000831,2019-11-11,SKU0011,1641,0.77,Maintenance
PR000832,2022-02-08,SKU0006,471,2.88,Material Shortage
PR000833,2021-02-19,SKU0015,892,3.24,Labor Issue
PR000834,2023-03-01,SKU0005,546,0.97,None
PR000835,2019-06-05,SKU0011,630,1.08,Machine Failure
PR000836,2023-02-05,SKU0025,1549,0.09,Material Shortage
PR000837,2023-09-21,SKU0018,1526,0.68,Material Shortage
PR000838,2021-06-05,SKU0030,1037,1.2,Machine Failure
PR000839,2020-12-22,SKU0013,777,0.25,Material Shortage
PR000840,2021-07-01,SKU0011,1675,1.21,Machine Failure
PR000841,2021-05-20,SKU0014,1829,3.84,Maintenance
PR000842,2019-01-13,SKU0028,363,1.74,Labor Issue
PR000843,2020-05-12,SKU0018,118,0.16,Labor Issue
PR000844,2023-10-23,SKU0027,1261,0.43,None
PR000845,2022-01-22,SKU0028,545,1.29,Material Shortage
PR000846,2022-04-09,SKU0025,1192,0.9,None
PR000847,2024-06-27,SKU0028,521,0.89,Maintenance
PR000848,2023-07-06,SKU0019,633,1.51,Labor Issue
PR000849,2023-05-10,SKU0024,1936,1.76,Maintenance
PR000850,2023-01-30,SKU0027,1680,3.19,Maintenance
PR000851,2019-05-23,SKU0015,962,0.83,Material Shortage
PR000852,2022-05-09,SKU0009,957,3.27,Maintenance
PR000853,2020-07-18,SKU0008,1758,0.83,Labor Issue
PR000854,2023-09-12,SKU0020,882,0.11,None
PR000855,2020-02-21,SKU0028,1792,1.62,Labor Issue
PR000856,2024-01-23,SKU0001,779,1.77,Material Shortage
PR000857,2023-09-14,SKU0004,870,5.45,Labor Issue
PR000858,2022-10-22,SKU0014,515,2.59,Machine Failure
PR000859,2021-12-03,SKU0025,937,5.0,None
PR000860,2024-02-10,SKU0002,1420,4.78,Machine Failure
PR000861,2022-01-26,SKU0016,865,1.86,Machine Failure
PR000862,2022-07-12,SKU0003,105,1.5,Material Shortage
PR000863,2023-12-12,SKU0026,1108,1.63,Maintenance
PR000864,2024-12-27,SKU0008,213,7.66,Machine Failure
PR000865,2023-02-13,SKU0006,1144,2.97,Labor Issue
PR000866,2021-10-13,SKU0016,1155,0.22,Maintenance
PR000867,2021-08-10,SKU0024,849,3.01,Labor Issue
PR000868,2019-03-13,SKU0016,196,0.37,Labor Issue
PR000869,2023-08-18,SKU0007,18,1.19,Maintenance
PR000870,2022-07-15,SKU0030,641,0.47,Maintenance
PR000871,2022-09-06,SKU0013,1035,2.34,Labor Issue
PR000872,2024-11-24,SKU0013,1104,4.2,Material Shortage
PR000873,2021-06-01,SKU0005,329,0.69,None
PR000874,2019-05-19,SKU0025,865,0.17,None
PR000875,2023-02-13,SKU0020,773,0.71,Material Shortage
PR000876,2021-01-02,SKU0022,391,2.23,Maintenance
PR000877,2023-10-15,SKU0018,636,0.8,Labor Issue
PR000878,2020-02-28,SKU0015,306,0.65,None
PR000879,2023-05-11,SKU0018,1290,0.41,Labor Issue
PR000880,2020-01-25,SKU0002,1470,1.38,Material Shortage
PR000881,2019-12-08,SKU0010,1464,0.65,Labor Issue
PR000882,2021-08-03,SKU0023,894,2.63,Material Shortage
PR000883,2020-09-05,SKU0013,651,0.16,Maintenance
PR000884,2020-05-07,SKU0018,840,2.18,Material Shortage
PR000885,2019-07-11,SKU0015,1025,0.54,Material Shortage
PR000886,2020-05-13,SKU0012,519,1.34,None
PR000887,2021-04-01,SKU0015,1785,0.67,Labor Issue
PR000888,2023-10-02,SKU0013,1674,2.57,None
PR000889,2022-06-10,SKU0018,635,5.81,Machine Failure
PR000890,2024-05-22,SKU0015,1332,4.98,Material Shortage
PR000891,2019-08-15,SKU0025,739,1.75,Machine Failure
PR000892,2022-10-26,SKU0023,1545,1.24,None
PR000893,2024-12-26,SKU0011,468,3.41,Labor Issue
PR000894,2021-03-27,SKU0019,211,2.3,None
PR000895,2023-01-13,SKU0003,1135,0.41,Labor Issue
PR000896,2021-12-22,SKU0007,1031,3.44,Labor Issue
PR000897,2019-04-14,SKU0021,803,1.12,Maintenance
PR000898,2024-02-18,SKU0026,476,0.42,Material Shortage
PR000899,2021-05-20,SKU0014,873,0.66,None
PR000900,2020-10-29,SKU0014,459,0.62,Labor Issue
PR000901,2024-08-04,SKU0022,252,1.46,None
PR000902,2019-09-30,SKU0013,1549,0.53,None
PR000903,2021-10-26,SKU0012,751,0.26,Labor Issue
PR000904,2021-11-17,SKU0024,1461,0.26,Machine Failure
PR000905,2023-04-23,SKU0009,1777,1.75,Material Shortage
PR000906,2019-10-20,SKU0001,980,2.65,Material Shortage
PR000907,2024-10-06,SKU0019,853,0.78,Maintenance
PR000908,2022-07-16,SKU0011,1684,0.07,Maintenance
PR000909,2019-11-04,SKU0023,235,0.27,Maintenance
PR000910,2021-09-03,SKU0022,1329,4.92,Material Shortage
PR000911,2022-06-05,SKU0023,477,1.36,Machine Failure
PR000912,2022-06-24,SKU0024,678,1.21,Material Shortage
PR000913,2023-02-26,SKU0022,1043,0.08,Material Shortage
PR000914,2024-10-31,SKU0019,215,2.61,Material Shortage
PR000915,2022-04-24,SKU0018,854,1.5,Material Shortage
PR000916,2022-10-10,SKU0012,134,0.45,Machine Failure
PR000917,2023-11-09,SKU0023,904,0.23,Maintenance
PR000918,2023-09-16,SKU0028,1152,0.97,None
PR000919,2024-08-04,SKU0028,409,3.63,Maintenance
PR000920,2021-03-06,SKU0028,1445,4.01,Maintenance
PR000921,2021-06-15,SKU0027,1317,1.85,None
PR000922,2024-05-15,SKU0001,1269,2.6,Material Shortage
PR000923,2019-07-29,SKU0019,1724,0.24,Machine Failure
PR000924,2021-08-25,SKU0028,1579,1.77,Machine Failure
PR000925,2020-04-16,SKU0027,85,2.2,Maintenance
PR000926,2021-07-11,SKU0020,555,0.45,None
PR000927,2019-05-17,SKU0029,1865,4.24,Labor Issue
PR000928,2020-01-02,SKU0030,1398,0.43,Material Shortage
PR000929,2019-07-03,SKU0017,1469,0.75,Maintenance
PR000930,2022-10-30,SKU0005,377,1.94,Machine Failure
PR000931,2020-06-20,SKU0026,1413,2.03,None
PR000932,2023-05-22,SKU0003,1680,2.4,None
PR000933,2022-06-27,SKU0002,1074,0.24,Maintenance
PR000934,2022-01-01,SKU0003,241,3.79,Labor Issue
PR000935,2022-07-29,SKU0008,1317,1.52,Machine Failure
PR000936,2021-07-04,SKU0016,919,1.27,Maintenance
PR000937,2019-06-01,SKU0006,1586,7.94,Labor Issue
PR000938,2021-10-25,SKU0013,265,2.7,None
PR000939,2022-05-03,SKU0030,1143,0.25,Material Shortage
PR000940,2024-05-31,SKU0023,711,2.83,Machine Failure
PR000941,2019-09-28,SKU0028,1940,0.2,Machine Failure
PR000942,2022-04-01,SKU0022,1271,0.06,Labor Issue
PR000943,2020-04-04,SKU0022,69,1.03,Maintenance
PR000944,2019-04-15,SKU0016,1876,10.1,None
PR000945,2023-09-07,SKU0028,56,0.38,Labor Issue
PR000946,2020-03-09,SKU0016,1405,2.23,Material Shortage
PR000947,2019-05-20,SKU0003,38,0.38,Material Shortage
PR000948,2023-02-03,SKU0028,800,2.58,Material Shortage
PR000949,2019-03-28,SKU0013,1466,1.41,Labor Issue
PR000950,2023-09-08,SKU0014,1041,2.28,None
PR000951,2019-05-09,SKU0008,1975,0.45,Machine Failure
PR000952,2022-06-23,SKU0012,731,2.74,Maintenance
PR000953,2023-05-21,SKU0023,824,10.86,Machine Failure
PR000954,2020-10-31,SKU0023,755,2.19,None
PR000955,2019-05-29,SKU0022,351,1.36,Machine Failure
PR000956,2021-09-11,SKU0021,1995,5.13,Labor Issue
PR000957,2021-05-01,SKU0026,1839,0.03,Material Shortage
PR000958,2022-12-27,SKU0008,1321,2.62,None
PR000959,2020-09-19,SKU0021,282,4.39,None
PR000960,2023-02-01,SKU0025,1609,0.13,Machine Failure
PR000961,2024-08-06,SKU0009,109,1.2,Labor Issue
PR000962,2021-06-02,SKU0001,1016,0.46,Machine Failure
PR000963,2023-11-24,SKU0006,1203,1.67,Machine Failure
PR000964,2019-09-07,SKU0023,1961,2.1,None
PR000965,2021-08-05,SKU0019,543,0.72,Machine Failure
PR000966,2021-09-01,SKU0023,1769,1.23,Material Shortage
PR000967,2022-08-18,SKU0011,1817,0.66,Machine Failure
PR000968,2021-09-10,SKU0011,24,0.92,Material Shortage
PR000969,2021-06-07,SKU0023,842,0.35,None
PR000970,2024-10-18,SKU0030,790,4.34,Labor Issue
PR000971,2021-05-24,SKU0013,737,0.02,Material Shortage
PR000972,2022-08-19,SKU0011,56,4.28,Labor Issue
PR000973,2020-04-15,SKU0018,179,1.7,Labor Issue
PR000974,2024-06-10,SKU0023,231,0.81,Material Shortage
PR000975,2019-04-01,SKU0015,1917,2.57,None
PR000976,2020-06-13,SKU0001,342,1.42,Maintenance
PR000977,2020-10-22,SKU0021,476,1.38,Labor Issue
PR000978,2021-01-08,SKU0025,1822,0.23,Labor Issue
PR000979,2021-05-21,SKU0007,575,0.99,None
PR000980,2023-08-14,SKU0023,454,0.55,None
PR000981,2019-07-11,SKU0027,1255,0.03,Machine Failure
PR000982,2024-06-09,SKU0013,288,0.89,None
PR000983,2024-12-25,SKU0012,1236,0.19,Labor Issue
PR000984,2019-12-11,SKU0018,257,0.59,Material Shortage
PR000985,2021-10-05,SKU0024,529,0.19,Maintenance
PR000986,2019-07-22,SKU0019,686,0.21,Machine Failure
PR000987,2020-07-26,SKU0015,928,0.44,Material Shortage
PR000988,2019-07-11,SKU0008,228,17.6,Maintenance
PR000989,2024-08-14,SKU0019,1249,0.0,Maintenance
PR000990,2024-03-28,SKU0010,595,2.04,Maintenance
PR000991,2023-09-13,SKU0007,1826,0.3,Material Shortage
PR000992,2019-11-07,SKU0018,434,5.07,Machine Failure
PR000993,2024-10-04,SKU0016,881,0.2,Machine Failure
PR000994,2020-03-18,SKU0020,1020,6.2,Maintenance
PR000995,2022-06-14,SKU0027,1781,1.89,Material Shortage
PR000996,2021-05-19,SKU0006,401,0.0,Maintenance
PR000997,2020-08-07,SKU0027,621,4.49,None
PR000998,2023-05-14,SKU0009,1789,1.48,Machine Failure
PR000999,2023-03-18,SKU0021,87,0.61,Labor Issue
PR001000,2019-12-26,SKU0013,583,2.92,Maintenance
PR001001,2023-09-20,SKU0025,1916,5.23,None
PR001002,2024-09-08,SKU0021,1565,1.32,Machine Failure
PR001003,2023-12-08,SKU0026,1707,0.76,Material Shortage
PR001004,2024-07-04,SKU0008,308,3.11,Machine Failure
PR001005,2024-11-25,SKU0016,905,2.29,Material Shortage
PR001006,2021-04-23,SKU0013,342,4.39,Material Shortage
PR001007,2023-06-14,SKU0013,435,2.36,Maintenance
PR001008,2021-06-09,SKU0017,176,0.56,Maintenance
PR001009,2024-06-14,SKU0023,138,5.37,Machine Failure
PR001010,2024-06-05,SKU0020,193,0.22,None
PR001011,2021-08-17,SKU0005,1209,0.62,Machine Failure
PR001012,2023-01-08,SKU0022,1241,1.47,Labor Issue
PR001013,2023-01-01,SKU0021,1187,1.67,Material Shortage
PR001014,2021-01-01,SKU0028,1184,0.03,Material Shortage
PR001015,2020-08-28,SKU0017,942,3.03,Maintenance
PR001016,2020-09-06,SKU0028,524,0.9,None
PR001017,2024-06-27,SKU0009,1831,1.04,Maintenance
PR001018,2023-09-16,SKU0002,1624,3.31,Labor Issue
PR001019,2020-11-04,SKU0025,1859,0.95,Machine Failure
PR001020,2022-06-24,SKU0026,1065,0.1,Machine Failure
PR001021,2023-05-07,SKU0018,914,0.39,None
PR001022,2023-05-31,SKU0009,209,6.24,Maintenance
PR001023,2021-06-15,SKU0006,740,0.15,Maintenance
PR001024,2023-01-02,SKU0011,861,0.88,Labor Issue
PR001025,2019-10-05,SKU0025,1298,1.4,Machine Failure
PR001026,2020-07-05,SKU0029,953,1.36,Maintenance
PR001027,2023-06-25,SKU0006,1302,0.01,None
PR001028,2024-11-28,SKU0006,1274,1.39,Machine Failure
PR001029,2021-01-30,SKU0013,1333,0.97,Labor Issue
PR001030,2022-12-20,SKU0011,1743,7.16,None
PR001031,2020-02-09,SKU0014,832,0.35,Material Shortage
PR001032,2022-09-20,SKU0002,139,0.87,Labor Issue
PR001033,2022-05-17,SKU0008,791,1.09,None
PR001034,2019-01-22,SKU0003,545,0.99,Maintenance
PR001035,2020-11-08,SKU0023,1844,2.19,Material Shortage
PR001036,2024-07-21,SKU0021,1016,0.49,Labor Issue
PR001037,2022-05-16,SKU0003,1927,0.5,Maintenance
PR001038,2024-08-17,SKU0001,1553,2.61,Material Shortage
PR001039,2023-12-14,SKU0024,56,1.39,Machine Failure
PR001040,2020-06-12,SKU0019,111,1.07,Maintenance
PR001041,2024-07-30,SKU0018,4,0.37,None
PR001042,2023-08-04,SKU0017,1433,0.42,Labor Issue
PR001043,2020-10-18,SKU0020,1437,0.02,Material Shortage
PR001044,2019-06-15,SKU0029,1205,0.19,Maintenance
PR001045,2021-04-28,SKU0024,1036,1.63,Machine Failure
PR001046,2020-05-10,SKU0013,1362,4.45,Labor Issue
PR001047,2020-08-12,SKU0003,1820,0.68,Labor Issue
PR001048,2020-03-04,SKU0030,1282,0.79,Maintenance
PR001049,2019-06-12,SKU0001,89,0.25,Machine Failure
PR001050,2022-06-16,SKU0004,615,0.98,Material Shortage
PR001051,2019-03-13,SKU0025,890,0.08,Maintenance
PR001052,2020-10-16,SKU0013,697,4.99,Material Shortage
PR001053,2019-09-26,SKU0017,1273,2.24,Labor Issue
PR001054,2023-11-12,SKU0028,1278,9.37,Material Shortage
PR001055,2022-06-22,SKU0030,1611,4.29,Machine Failure
PR001056,2021-10-12,SKU0011,897,1.28,None
PR001057,2021-12-19,SKU0002,970,1.47,Machine Failure
PR001058,2019-01-06,SKU0025,1131,0.42,Material Shortage
PR001059,2021-09-08,SKU0016,667,1.24,Maintenance
PR001060,2020-02-11,SKU0002,593,4.67,Labor Issue
PR001061,2024-05-07,SKU0029,588,0.1,None
PR001062,2024-09-04,SKU0019,484,3.98,Maintenance
PR001063,2021-09-12,SKU0023,981,0.83,Maintenance
PR001064,2020-01-25,SKU0019,971,4.6,Machine Failure
PR001065,2020-12-10,SKU0025,1281,5.66,Material Shortage
PR001066,2023-01-11,SKU0016,638,2.22,Machine Failure
PR001067,2021-01-23,SKU0022,996,2.18,Material Shortage
PR001068,2022-11-12,SKU0019,1926,1.21,Machine Failure
PR001069,2022-06-26,SKU0009,281,3.61,Maintenance
PR001070,2020-06-09,SKU0001,985,6.52,Labor Issue
PR001071,2023-01-25,SKU0010,1111,2.98,Material Shortage
PR001072,2024-08-22,SKU0019,1227,1.95,None
PR001073,2020-07-09,SKU0001,15,1.87,None
PR001074,2019-01-19,SKU0002,1174,3.79,Maintenance
PR001075,2020-07-28,SKU0016,935,1.56,Machine Failure
PR001076,2021-09-30,SKU0012,253,3.26,Machine Failure
PR001077,2024-04-22,SKU0008,1211,1.42,Maintenance
PR001078,2024-04-23,SKU0023,328,0.13,None
PR001079,2023-06-24,SKU0018,543,0.97,None
PR001080,2023-08-26,SKU0002,782,1.18,Machine Failure
PR001081,2024-12-09,SKU0025,996,0.31,Material Shortage
PR001082,2020-03-07,SKU0029,1420,0.22,Labor Issue
PR001083,2024-09-22,SKU0013,1540,1.53,Material Shortage
PR001084,2024-03-10,SKU0006,1482,0.18,None
PR001085,2024-04-27,SKU0021,1353,0.72,Material Shortage
PR001086,2022-09-02,SKU0026,1843,2.73,Labor Issue
PR001087,2019-05-25,SKU0006,844,6.67,Material Shortage
PR001088,2021-12-09,SKU0009,1192,2.53,Material Shortage
PR001089,2021-12-24,SKU0016,1716,9.82,Material Shortage
PR001090,2021-03-10,SKU0011,365,2.4,Material Shortage
PR001091,2022-02-25,SKU0007,1201,0.7,Maintenance
PR001092,2024-05-10,SKU0010,654,2.23,None
PR001093,2020-04-07,SKU0010,1385,2.42,Labor Issue
PR001094,2023-11-10,SKU0030,759,0.93,None
PR001095,2024-08-07,SKU0025,638,0.04,Maintenance
PR001096,2021-03-18,SKU0020,1798,2.43,Maintenance
PR001097,2019-07-06,SKU0018,1063,0.04,Maintenance
PR001098,2023-10-10,SKU0028,923,1.99,Maintenance
PR001099,2021-01-01,SKU0024,415,0.36,Material Shortage
PR001100,2024-04-19,SKU0020,1378,1.67,None
PR001101,2022-04-28,SKU0029,254,1.4,Machine Failure
PR001102,2022-11-12,SKU0009,1166,0.03,Labor Issue
PR001103,2020-03-04,SKU0015,1775,0.9,Maintenance
PR001104,2022-07-31,SKU0004,1763,1.84,None
PR001105,2022-05-02,SKU0008,1876,3.78,Maintenance
PR001106,2022-08-03,SKU0009,709,4.39,Maintenance
PR001107,2021-02-09,SKU0013,576,1.32,Maintenance
PR001108,2021-01-27,SKU0009,899,2.61,Maintenance
PR001109,2019-05-16,SKU0026,10,0.76,Maintenance
PR001110,2021-03-02,SKU0004,1643,0.84,Labor Issue
PR001111,2019-06-20,SKU0017,25,0.43,None
PR001112,2023-04-30,SKU0016,956,1.65,Maintenance
PR001113,2021-08-19,SKU0015,420,0.76,Maintenance
PR001114,2021-05-25,SKU0003,1686,0.18,Maintenance
PR001115,2019-04-13,SKU0025,1244,2.31,Maintenance
PR001116,2021-09-28,SKU0020,1876,2.46,Material Shortage
PR001117,2022-02-22,SKU0005,495,0.89,Material Shortage
PR001118,2023-01-21,SKU0023,1260,0.16,Machine Failure
PR001119,2020-10-19,SKU0005,236,1.11,Maintenance
PR001120,2022-05-05,SKU0020,1008,1.17,Machine Failure
PR001121,2020-02-27,SKU0015,218,2.21,Labor Issue
PR001122,2019-06-20,SKU0018,1510,0.76,Machine Failure
PR001123,2020-03-28,SKU0015,1959,2.3,None
PR001124,2024-05-29,SKU0002,460,4.1,Material Shortage
PR001125,2023-07-16,SKU0029,662,0.54,Material Shortage
PR001126,2024-08-15,SKU0013,634,7.72,Maintenance
PR001127,2019-10-15,SKU0004,1167,0.98,Maintenance
PR001128,2023-06-30,SKU0010,989,0.62,Labor Issue
PR001129,2022-12-18,SKU0013,188,1.09,Labor Issue
PR001130,2024-03-28,SKU0010,254,0.2,None
PR001131,2020-08-30,SKU0029,67,0.27,Maintenance
PR001132,2020-04-01,SKU0009,615,1.07,Maintenance
PR001133,2023-10-31,SKU0008,335,2.87,Labor Issue
PR001134,2022-05-10,SKU0003,670,4.61,Labor Issue
PR001135,2022-05-20,SKU0016,820,2.19,Labor Issue
PR001136,2021-10-26,SKU0014,873,0.22,Material Shortage
PR001137,2020-03-22,SKU0009,1432,2.23,Machine Failure
PR001138,2021-04-14,SKU0030,299,2.02,Machine Failure
PR001139,2021-03-21,SKU0021,1931,3.28,Maintenance
PR001140,2022-11-25,SKU0011,1625,3.49,Material Shortage
PR001141,2022-11-12,SKU0003,356,4.05,Labor Issue
PR001142,2021-08-16,SKU0005,255,1.07,Maintenance
PR001143,2023-01-15,SKU0029,1007,2.39,Material Shortage
PR001144,2021-03-19,SKU0010,352,0.62,None
PR001145,2021-09-05,SKU0013,1755,14.64,Material Shortage
PR001146,2020-12-26,SKU0004,1544,0.39,Maintenance
PR001147,2022-05-01,SKU0024,523,0.02,Machine Failure
PR001148,2024-03-18,SKU0013,1860,0.32,Labor Issue
PR001149,2021-02-17,SKU0012,949,2.99,None
PR001150,2021-08-30,SKU0005,755,1.18,Material Shortage
PR001151,2023-03-19,SKU0010,1717,1.19,Maintenance
PR001152,2022-11-17,SKU0028,283,6.2,Maintenance
PR001153,2024-10-24,SKU0024,1335,5.04,Labor Issue
PR001154,2020-08-21,SKU0009,98,0.75,Maintenance
PR001155,2019-08-13,SKU0020,196,0.47,Maintenance
PR001156,2023-04-03,SKU0007,481,3.77,Labor Issue
PR001157,2024-11-30,SKU0002,877,4.73,None
PR001158,2021-04-20,SKU0022,1249,1.56,Machine Failure
PR001159,2023-12-20,SKU0024,1868,1.99,Machine Failure
PR001160,2020-12-14,SKU0028,614,0.59,Material Shortage
PR001161,2022-01-11,SKU0023,617,3.23,None
PR001162,2019-05-05,SKU0007,1388,2.0,Material Shortage
PR001163,2021-12-28,SKU0008,367,1.4,Machine Failure
PR001164,2022-07-03,SKU0007,569,0.12,Labor Issue
PR001165,2023-10-17,SKU0021,589,4.95,Maintenance
PR001166,2019-01-30,SKU0023,1098,1.91,Machine Failure
PR001167,2024-07-10,SKU0029,1065,0.43,None
PR001168,2020-05-09,SKU0014,421,1.86,Machine Failure
PR001169,2023-05-29,SKU0026,835,2.26,None
PR001170,2020-12-18,SKU0019,1204,1.49,None
PR001171,2021-10-13,SKU0005,544,2.53,None
PR001172,2022-08-30,SKU0023,70,1.74,Material Shortage
PR001173,2020-08-28,SKU0025,1591,5.9,Labor Issue
PR001174,2020-01-10,SKU0018,1128,0.11,Machine Failure
PR001175,2024-05-14,SKU0020,1223,0.22,Labor Issue
PR001176,2021-11-14,SKU0012,1124,0.38,Maintenance
PR001177,2022-09-19,SKU0023,767,2.34,Machine Failure
PR001178,2019-04-26,SKU0017,306,2.07,Labor Issue
PR001179,2024-09-26,SKU0013,1609,4.45,Labor Issue
PR001180,2023-12-07,SKU0002,1706,2.64,Maintenance
PR001181,2024-11-16,SKU0025,376,1.42,None
PR001182,2023-01-22,SKU0013,654,9.62,Machine Failure
PR001183,2023-03-27,SKU0026,677,0.62,Machine Failure
PR001184,2023-06-09,SKU0007,398,3.58,Maintenance
PR001185,2020-11-15,SKU0028,1796,1.11,None
PR001186,2023-01-11,SKU0010,220,2.09,Machine Failure
PR001187,2023-05-19,SKU0023,1618,2.6,Machine Failure
PR001188,2024-12-08,SKU0006,181,2.01,Machine Failure
PR001189,2021-03-20,SKU0003,306,0.3,None
PR001190,2021-09-04,SKU0026,521,1.17,Maintenance
PR001191,2024-10-02,SKU0003,1419,1.65,Machine Failure
PR001192,2022-09-16,SKU0018,1013,3.78,Labor Issue
PR001193,2021-02-22,SKU0011,3,1.17,None
PR001194,2019-08-29,SKU0022,862,5.02,Material Shortage
PR001195,2023-11-14,SKU0020,1937,1.16,Maintenance
PR001196,2023-04-03,SKU0005,847,1.59,Labor Issue
PR001197,2020-04-27,SKU0019,803,3.18,Machine Failure
PR001198,2021-10-09,SKU0022,1304,1.75,Material Shortage
PR001199,2019-07-06,SKU0027,214,6.45,Maintenance
PR001200,2024-02-25,SKU0028,971,2.16,None
