date,sku,historical_demand,forecasted_demand
2023-01-27,SKU0030,1104,1234
2021-04-26,SKU0006,1270,1188
2020-05-16,SKU0006,854,852
2020-03-16,SKU0020,492,692
2024-10-17,SKU0021,648,913
2019-11-22,SKU0002,1409,1471
2023-11-01,SKU0026,991,974
2019-03-08,SKU0026,1330,1577
2019-10-31,SKU0024,627,574
2021-08-29,SKU0010,624,589
2020-04-28,SKU0023,542,416
2021-07-17,SKU0026,6,41
2022-12-11,SKU0006,953,1066
2019-05-29,SKU0023,514,585
2022-01-29,SKU0028,754,732
2019-04-06,SKU0017,72,154
2019-10-09,SKU0030,9,0
2020-06-12,SKU0014,561,435
2023-07-01,SKU0005,121,64
2020-08-02,SKU0023,686,828
2023-07-22,SKU0017,512,499
2023-06-20,SKU0002,989,911
2021-03-20,SKU0009,440,571
2020-11-23,SKU0012,1061,1111
2019-08-23,SKU0019,701,796
2021-08-09,SKU0022,590,712
2024-01-29,SKU0007,1368,1297
2022-09-22,SKU0009,1361,1412
2021-10-28,SKU0021,1207,1364
2023-01-06,SKU0016,66,297
2024-05-18,SKU0020,16,0
2020-06-22,SKU0011,1406,1613
2021-03-30,SKU0012,367,515
2023-08-09,SKU0015,903,1197
2019-09-29,SKU0018,1339,1248
2021-10-25,SKU0019,720,1001
2024-04-06,SKU0016,1368,1635
2022-05-27,SKU0015,957,1094
2022-02-15,SKU0005,907,784
2020-08-15,SKU0011,988,1253
2023-05-25,SKU0015,472,273
2019-04-25,SKU0029,114,234
2023-08-05,SKU0018,99,174
2022-12-16,SKU0013,437,526
2019-07-26,SKU0004,1368,1464
2019-04-22,SKU0017,348,316
2022-12-11,SKU0004,138,177
2024-02-26,SKU0016,827,1085
2019-07-04,SKU0023,323,597
2023-10-31,SKU0015,845,667
2021-06-19,SKU0014,1325,1418
2019-08-09,SKU0012,293,264
2023-01-07,SKU0003,967,1089
2021-12-29,SKU0010,1315,1432
2024-07-05,SKU0008,73,268
2020-08-23,SKU0006,483,568
2022-03-06,SKU0022,15,293
2020-05-18,SKU0014,1359,1501
2024-12-18,SKU0017,792,784
2019-08-06,SKU0021,515,483
2023-02-07,SKU0019,924,1127
2020-09-03,SKU0016,1150,1067
2022-02-26,SKU0015,823,628
2019-02-26,SKU0026,517,647
2022-04-19,SKU0015,128,410
2019-09-03,SKU0001,510,441
2019-05-24,SKU0024,422,314
2020-01-03,SKU0023,384,434
2023-01-22,SKU0023,231,40
2020-09-07,SKU0012,958,808
2024-02-25,SKU0010,824,972
2023-05-08,SKU0014,1218,1311
2020-11-29,SKU0010,64,0
2021-05-25,SKU0010,832,1119
2023-08-13,SKU0020,614,805
2021-08-02,SKU0029,1300,1348
2021-07-11,SKU0011,1247,1148
2023-10-13,SKU0022,800,936
2019-01-25,SKU0016,277,159
2023-08-15,SKU0029,365,355
2023-04-09,SKU0009,515,731
2021-12-19,SKU0015,1238,1180
2020-03-09,SKU0014,438,474
2021-12-25,SKU0019,427,513
2024-05-05,SKU0009,728,804
2024-11-23,SKU0004,395,581
2019-04-06,SKU0021,1232,1413
2019-06-17,SKU0007,1486,1735
2024-09-20,SKU0022,585,675
2024-03-17,SKU0026,1250,1218
2024-11-21,SKU0008,374,616
2024-02-12,SKU0024,947,890
2024-06-21,SKU0008,92,75
2022-02-07,SKU0019,1483,1327
2024-07-03,SKU0015,320,362
2021-01-18,SKU0016,1033,1147
2024-03-06,SKU0030,913,1146
2021-04-10,SKU0026,1326,1594
2019-02-18,SKU0022,1345,1412
2019-04-25,SKU0023,1479,1754
2022-03-24,SKU0009,1301,1353
2023-07-31,SKU0026,1416,1611
2019-03-12,SKU0026,916,1004
2022-09-21,SKU0030,94,105
2019-03-08,SKU0012,958,1245
2023-02-25,SKU0016,1130,1106
2023-08-01,SKU0004,1413,1233
2023-11-13,SKU0005,70,185
2021-08-24,SKU0008,663,514
2023-11-25,SKU0001,968,1205
2020-09-04,SKU0028,586,808
2024-03-01,SKU0006,1399,1431
2023-06-11,SKU0015,726,958
2020-11-27,SKU0004,367,289
2022-05-22,SKU0021,50,211
2019-09-06,SKU0011,1166,1413
2020-09-29,SKU0005,1442,1341
2021-08-07,SKU0018,987,1000
2024-03-19,SKU0024,1190,1399
2022-01-16,SKU0015,259,385
2019-06-25,SKU0018,1215,1149
2020-12-23,SKU0020,1225,1480
2021-02-09,SKU0028,1208,1325
2024-05-01,SKU0013,157,174
2020-12-03,SKU0005,98,0
2024-10-29,SKU0030,240,319
2021-07-15,SKU0001,201,40
2019-05-18,SKU0022,633,672
2022-02-23,SKU0018,1119,1250
2024-04-24,SKU0014,745,975
2024-03-06,SKU0005,489,424
2024-02-22,SKU0006,578,559
2022-06-07,SKU0027,1241,1305
2023-01-23,SKU0024,526,584
2022-09-30,SKU0025,272,253
2019-11-06,SKU0029,1242,1062
2021-11-09,SKU0028,785,935
2023-07-29,SKU0016,1355,1586
2023-04-14,SKU0022,452,682
2023-05-03,SKU0021,1175,1446
2023-02-09,SKU0012,346,341
2021-02-08,SKU0020,815,826
2019-01-16,SKU0018,413,659
2020-08-28,SKU0002,430,245
2022-10-13,SKU0023,378,379
2021-03-23,SKU0021,997,1159
2024-06-13,SKU0023,894,911
2021-06-13,SKU0013,427,319
2023-04-17,SKU0027,1107,1039
2020-02-18,SKU0017,191,129
2019-01-25,SKU0017,40,0
2024-06-27,SKU0016,1332,1624
2019-11-12,SKU0021,1401,1535
2020-07-24,SKU0018,135,4
2020-12-25,SKU0008,105,208
2024-01-24,SKU0030,518,332
2022-07-23,SKU0003,813,847
2024-05-07,SKU0017,125,136
2020-01-24,SKU0029,1380,1469
2020-03-19,SKU0018,399,258
2021-08-28,SKU0026,78,129
2024-05-18,SKU0026,388,633
2024-01-03,SKU0023,73,0
2019-10-31,SKU0006,1028,1063
2021-02-02,SKU0028,1486,1621
2024-05-27,SKU0008,81,0
2021-03-26,SKU0023,775,1056
2024-11-29,SKU0030,990,838
2021-05-27,SKU0026,1428,1305
2020-12-03,SKU0013,277,548
2021-08-01,SKU0008,839,666
2024-08-22,SKU0019,223,70
2019-10-30,SKU0006,1091,986
2023-04-29,SKU0029,1343,1307
2019-06-09,SKU0023,605,862
2022-04-18,SKU0015,18,250
2022-04-06,SKU0010,639,803
2022-03-19,SKU0027,1366,1341
2024-08-25,SKU0017,1366,1238
2022-01-19,SKU0001,96,367
2022-02-17,SKU0007,1075,1230
2024-06-02,SKU0029,174,2
2019-09-10,SKU0027,1361,1604
2022-12-03,SKU0013,1376,1332
2024-09-09,SKU0003,1414,1527
2020-12-31,SKU0019,1138,1241
2020-05-12,SKU0015,347,425
2022-11-29,SKU0005,0,82
2020-07-01,SKU0011,62,340
2021-08-18,SKU0022,225,515
2019-05-12,SKU0018,422,228
2022-09-09,SKU0003,1042,1146
2021-05-07,SKU0006,30,11
2022-03-01,SKU0003,844,752
2024-07-25,SKU0030,632,755
2020-06-04,SKU0005,23,28
2019-01-30,SKU0009,836,869
2024-08-13,SKU0028,982,1207
2020-05-23,SKU0019,1234,1491
2022-06-14,SKU0028,160,146
2023-04-08,SKU0027,1278,1505
2019-01-16,SKU0013,113,394
2021-09-23,SKU0029,503,712
2023-05-27,SKU0006,954,1160
2024-01-14,SKU0011,1243,1371
2024-07-09,SKU0021,356,512
2022-06-07,SKU0021,168,0
2023-10-10,SKU0027,968,820
2021-12-24,SKU0030,241,438
2022-09-23,SKU0014,1398,1396
2020-01-13,SKU0006,138,328
2022-04-13,SKU0006,96,32
2020-04-20,SKU0017,146,204
2022-07-13,SKU0011,1205,1338
2019-11-25,SKU0015,1080,1280
2024-01-14,SKU0009,1065,1362
2022-04-01,SKU0021,865,836
2020-03-13,SKU0017,542,427
2022-10-22,SKU0024,691,536
2023-11-09,SKU0007,1025,1170
2022-05-07,SKU0007,1311,1296
2023-03-04,SKU0030,1161,1116
2024-08-25,SKU0021,903,1195
2024-01-19,SKU0001,729,926
2022-08-12,SKU0025,1245,1053
2021-05-17,SKU0027,330,244
2023-12-17,SKU0025,616,569
2021-09-10,SKU0008,403,332
2022-06-16,SKU0005,507,637
2022-08-17,SKU0030,1150,1030
2024-08-15,SKU0019,1288,1471
2021-10-15,SKU0008,1038,1127
2023-11-25,SKU0017,225,171
2021-03-17,SKU0019,983,1077
2024-03-08,SKU0012,864,1129
2022-11-10,SKU0027,1128,1196
2022-08-11,SKU0023,744,676
2022-02-15,SKU0030,492,341
2020-02-09,SKU0015,318,140
2023-11-22,SKU0004,1242,1419
2020-08-16,SKU0023,1300,1475
2019-01-12,SKU0012,772,659
2022-08-10,SKU0027,1364,1576
2023-03-23,SKU0013,451,362
2024-10-26,SKU0014,1392,1302
2020-09-05,SKU0005,943,814
2024-06-09,SKU0022,847,800
2021-05-18,SKU0016,1016,1278
2021-03-22,SKU0030,1497,1353
2023-12-28,SKU0007,1213,1269
2021-02-05,SKU0015,883,838
2019-03-23,SKU0013,418,330
2023-10-11,SKU0026,864,981
2020-06-05,SKU0016,788,634
2022-08-20,SKU0012,494,531
2021-09-20,SKU0007,1062,1195
2023-03-06,SKU0016,161,66
2023-01-09,SKU0023,120,401
2023-02-22,SKU0023,398,384
2021-02-19,SKU0027,1285,1243
2022-12-22,SKU0013,727,724
2020-07-12,SKU0029,560,741
2024-11-08,SKU0023,603,579
2024-07-30,SKU0003,1152,1212
2023-10-20,SKU0015,539,625
2021-05-09,SKU0028,355,447
2023-06-01,SKU0003,659,793
2020-07-09,SKU0007,431,373
2019-06-05,SKU0030,1088,1195
2024-08-11,SKU0018,1241,1531
2022-10-12,SKU0014,562,558
2021-04-04,SKU0018,1450,1725
2023-05-12,SKU0019,816,840
2021-12-17,SKU0014,1097,1291
2022-04-18,SKU0020,1483,1325
2020-05-07,SKU0006,1448,1701
2020-10-30,SKU0029,710,660
2019-03-16,SKU0008,1215,1310
2020-01-06,SKU0026,1212,1074
2020-08-09,SKU0026,11,0
2019-11-25,SKU0007,238,292
2020-08-12,SKU0020,452,714
2023-11-26,SKU0018,382,524
2021-02-15,SKU0018,781,794
2024-07-15,SKU0015,47,0
2020-08-01,SKU0020,316,546
2019-08-09,SKU0022,208,111
2022-04-02,SKU0019,1142,1099
2023-02-12,SKU0022,576,647
2023-09-04,SKU0021,314,428
2023-10-12,SKU0021,753,790
2019-07-07,SKU0002,1059,1161
2022-04-29,SKU0008,1486,1657
2022-01-14,SKU0021,914,871
2021-04-23,SKU0011,754,662
2020-06-14,SKU0018,553,361
2021-12-06,SKU0023,402,522
2021-08-20,SKU0013,1130,988
2022-03-15,SKU0009,38,195
2022-11-06,SKU0009,580,571
2020-05-31,SKU0017,179,114
2024-03-03,SKU0007,11,61
2023-01-31,SKU0009,1362,1540
2022-01-22,SKU0022,942,1177
2019-05-13,SKU0001,547,492
2019-11-10,SKU0002,1149,1295
2020-08-13,SKU0004,62,327
2023-03-24,SKU0014,843,994
2024-02-29,SKU0004,1105,962
2023-06-15,SKU0002,1008,984
2021-01-17,SKU0008,1322,1409
2023-02-06,SKU0018,33,77
2021-03-11,SKU0019,751,598
2023-02-06,SKU0014,48,148
2022-10-11,SKU0020,657,894
2020-11-10,SKU0025,700,855
2024-12-01,SKU0010,1080,979
2021-06-15,SKU0017,108,120
2023-03-27,SKU0008,984,1085
2023-11-29,SKU0028,23,302
2024-10-13,SKU0014,220,434
2020-11-14,SKU0021,314,278
2022-07-19,SKU0023,293,492
2023-08-13,SKU0008,1033,1262
2022-10-17,SKU0005,1019,944
2021-07-31,SKU0016,1017,1118
2022-08-02,SKU0008,637,898
2021-10-30,SKU0010,266,186
2023-06-09,SKU0027,87,0
2021-03-19,SKU0008,454,470
2019-06-20,SKU0009,1171,1031
2023-04-03,SKU0018,756,857
2023-05-15,SKU0003,430,408
2023-06-12,SKU0017,910,899
2019-01-27,SKU0020,241,203
2021-10-10,SKU0015,701,581
2021-12-27,SKU0021,901,1194
2020-02-12,SKU0027,740,709
2022-02-06,SKU0017,65,165
2019-03-15,SKU0008,971,1144
2020-11-10,SKU0002,377,372
2022-10-23,SKU0017,387,389
2021-04-28,SKU0018,780,626
2021-05-19,SKU0029,208,470
2019-08-25,SKU0005,1438,1395
2021-06-24,SKU0009,15,222
2020-09-10,SKU0009,1320,1313
2021-10-29,SKU0002,985,1211
2022-08-06,SKU0002,1243,1460
2021-04-26,SKU0019,366,444
2024-04-07,SKU0023,779,895
2020-09-25,SKU0027,1252,1530
2021-10-14,SKU0003,439,659
2019-01-08,SKU0017,689,757
2022-10-24,SKU0014,1473,1753
2021-12-04,SKU0014,1059,1057
2023-11-16,SKU0014,846,869
2023-07-01,SKU0006,421,483
2022-05-01,SKU0003,1212,1437
2021-04-28,SKU0001,1201,1166
2022-10-12,SKU0030,607,586
2019-03-03,SKU0016,1338,1565
2021-12-21,SKU0029,19,10
2023-12-23,SKU0004,675,871
2020-09-24,SKU0029,381,396
2021-03-02,SKU0001,608,691
2022-07-24,SKU0017,142,293
2022-12-25,SKU0028,61,0
2022-02-12,SKU0018,1265,1530
2023-09-08,SKU0026,237,134
2020-06-08,SKU0008,1154,1321
2024-07-13,SKU0002,1146,1427
2021-06-17,SKU0027,1463,1761
2021-02-25,SKU0018,926,955
2022-09-22,SKU0027,341,397
2019-06-22,SKU0027,1442,1284
2021-09-26,SKU0016,454,495
2023-12-16,SKU0026,1221,1062
2019-03-05,SKU0010,281,175
2022-09-07,SKU0008,885,1118
2021-09-01,SKU0012,1024,1077
2019-03-07,SKU0022,722,709
2024-02-10,SKU0016,1355,1539
2023-06-11,SKU0012,1235,1341
2020-04-02,SKU0011,86,285
2023-05-22,SKU0020,664,630
2024-05-11,SKU0019,861,931
2023-10-07,SKU0001,60,0
2022-12-20,SKU0027,796,756
2024-05-13,SKU0003,94,0
2024-05-08,SKU0012,785,893
2019-10-07,SKU0030,1170,1458
2021-11-06,SKU0009,1269,1294
2021-08-19,SKU0021,960,904
2024-04-26,SKU0029,296,440
2022-05-02,SKU0022,1146,1193
2020-01-10,SKU0005,693,854
2024-03-26,SKU0001,1479,1284
2019-02-04,SKU0010,398,228
2022-10-24,SKU0017,945,941
2024-09-07,SKU0004,1254,1285
2021-02-13,SKU0015,533,628
2019-08-09,SKU0019,401,614
2024-10-01,SKU0027,129,253
2024-10-24,SKU0008,291,550
2020-05-08,SKU0028,275,209
2023-09-08,SKU0028,911,1203
2024-12-04,SKU0023,1399,1211
2019-10-07,SKU0015,925,1221
2021-01-15,SKU0027,54,0
2023-01-14,SKU0007,738,715
2024-02-01,SKU0015,1049,1082
2023-03-22,SKU0008,1464,1522
2022-01-01,SKU0030,764,703
2021-11-25,SKU0026,1220,1084
2024-04-06,SKU0023,641,723
2024-06-28,SKU0010,1266,1428
2020-05-11,SKU0018,723,828
2019-02-13,SKU0004,1213,1217
2024-01-26,SKU0015,801,617
2020-03-29,SKU0011,737,736
2020-08-17,SKU0022,757,588
2022-09-18,SKU0003,566,577
2020-05-21,SKU0015,1299,1533
2021-03-04,SKU0003,1432,1504
2019-01-21,SKU0015,339,428
2022-10-31,SKU0006,152,242
2021-12-30,SKU0001,1421,1703
2022-11-28,SKU0014,1467,1752
2023-05-05,SKU0016,1003,1036
2023-12-20,SKU0001,426,633
2022-11-21,SKU0021,1002,983
2019-12-03,SKU0017,203,148
2023-07-26,SKU0026,1135,984
2021-06-28,SKU0008,324,553
2019-10-03,SKU0018,1281,1512
2021-06-10,SKU0016,949,851
2019-01-13,SKU0006,950,782
2021-10-23,SKU0010,1373,1669
2021-08-31,SKU0010,938,1208
2019-06-24,SKU0005,956,844
2022-11-09,SKU0026,893,1177
2023-06-14,SKU0028,434,644
2024-04-27,SKU0012,1449,1633
2020-06-30,SKU0020,1303,1443
2024-08-23,SKU0017,370,484
2022-05-03,SKU0014,932,972
2022-11-21,SKU0014,248,313
2022-12-25,SKU0003,890,912
2022-12-04,SKU0029,180,215
2019-01-03,SKU0012,702,654
2024-01-17,SKU0020,998,1265
2021-01-16,SKU0018,77,0
2021-05-21,SKU0012,918,1039
2020-05-09,SKU0002,884,1058
2022-11-15,SKU0002,335,246
2020-09-19,SKU0027,49,0
2021-12-11,SKU0017,84,295
2019-05-22,SKU0010,694,762
2023-01-27,SKU0018,3,0
2019-02-15,SKU0022,992,1043
2024-08-19,SKU0019,316,615
2020-10-25,SKU0026,1134,1307
2020-07-26,SKU0021,1357,1298
2024-07-22,SKU0001,762,675
2023-04-03,SKU0024,1156,1405
2023-06-10,SKU0029,611,700
2021-07-01,SKU0004,1004,1286
2020-10-01,SKU0025,913,1069
2021-06-27,SKU0004,798,622
2021-05-18,SKU0030,118,285
2021-10-26,SKU0002,349,458
2021-05-02,SKU0019,916,970
2019-11-03,SKU0021,686,948
2023-12-22,SKU0012,541,608
2020-01-30,SKU0010,1078,1003
2021-01-18,SKU0013,360,552
2019-11-26,SKU0029,707,756
2024-09-28,SKU0030,1476,1562
2024-07-24,SKU0022,684,817
2021-02-11,SKU0023,329,605
2023-07-04,SKU0020,218,70
2023-09-29,SKU0023,207,374
2020-01-13,SKU0015,844,686
2023-11-23,SKU0026,84,49
2023-06-12,SKU0003,684,525
2021-09-26,SKU0023,244,423
2024-01-23,SKU0020,871,1126
2023-04-11,SKU0029,1022,997
2021-02-12,SKU0013,1358,1224
2021-12-19,SKU0008,1235,1100
2023-12-09,SKU0025,595,794
2022-01-03,SKU0007,684,566
2024-08-12,SKU0024,1206,1355
2023-05-18,SKU0008,1156,1060
2021-01-17,SKU0018,1013,1212
2023-01-11,SKU0009,1013,1099
2023-10-31,SKU0006,349,522
2023-04-03,SKU0027,281,266
2023-06-04,SKU0004,292,375
2023-02-17,SKU0015,1292,1095
2019-11-25,SKU0005,1220,1157
2022-11-11,SKU0026,983,961
2019-05-06,SKU0005,19,55
2021-02-05,SKU0007,758,575
2023-04-23,SKU0030,404,506
2022-05-12,SKU0009,1138,1353
2022-04-10,SKU0007,700,913
2023-10-25,SKU0009,979,1198
2019-08-05,SKU0020,25,0
2022-09-21,SKU0010,565,784
2022-08-14,SKU0030,394,222
2021-04-11,SKU0026,1000,943
2019-07-01,SKU0004,1404,1551
2019-11-30,SKU0006,522,470
2020-05-25,SKU0024,861,724
2020-01-18,SKU0014,1106,1272
2024-03-11,SKU0009,801,1050
2019-11-28,SKU0001,549,728
2022-04-03,SKU0017,1468,1454
2022-06-19,SKU0013,86,251
2021-06-18,SKU0024,832,858
2020-10-03,SKU0027,386,303
2022-06-04,SKU0007,962,1173
2020-09-25,SKU0009,667,905
2019-07-15,SKU0011,1421,1576
2024-03-08,SKU0003,285,338
2020-04-02,SKU0026,697,527
2021-04-09,SKU0012,964,924
2024-08-18,SKU0021,368,382
2022-05-09,SKU0003,654,897
2021-06-05,SKU0015,1445,1413
2020-01-28,SKU0021,653,533
2023-08-03,SKU0010,696,541
2024-12-21,SKU0001,1466,1314
2021-07-04,SKU0014,1023,1271
2021-07-23,SKU0027,914,1011
2019-12-21,SKU0020,287,493
2023-03-02,SKU0006,94,261
2020-09-20,SKU0002,668,750
2022-03-16,SKU0029,40,312
2019-11-23,SKU0023,330,545
2022-12-09,SKU0008,1178,1444
2022-11-22,SKU0001,503,390
2022-01-31,SKU0029,274,194
2023-11-16,SKU0004,178,0
2023-03-12,SKU0027,136,251
2024-03-29,SKU0004,766,1025
2022-05-17,SKU0029,987,1013
2024-05-10,SKU0005,1203,1081
2020-01-28,SKU0030,1205,1149
2021-04-05,SKU0028,1282,1323
2024-03-27,SKU0028,242,73
2019-02-19,SKU0020,1119,1181
2022-10-28,SKU0009,196,206
2021-11-16,SKU0023,525,395
2021-03-10,SKU0013,631,814
2023-11-28,SKU0018,1410,1406
2022-09-25,SKU0017,407,264
2023-04-15,SKU0025,1292,1515
2019-01-01,SKU0001,1194,1462
2021-10-16,SKU0022,690,601
2022-07-08,SKU0015,169,16
2019-03-04,SKU0002,158,392
2024-02-13,SKU0016,446,430
2019-06-01,SKU0020,1017,1183
2020-10-05,SKU0022,1105,1231
2020-09-17,SKU0005,1080,1044
2019-08-05,SKU0027,111,125
2019-07-15,SKU0022,47,177
2021-10-11,SKU0019,375,504
2023-03-02,SKU0005,827,747
2023-04-28,SKU0002,32,44
2021-12-16,SKU0007,503,613
2023-03-08,SKU0003,626,466
2020-12-22,SKU0017,1026,1178
2023-05-27,SKU0030,41,244
2023-10-26,SKU0024,8,96
2023-04-12,SKU0024,999,966
2020-10-01,SKU0003,818,1100
2024-11-23,SKU0013,656,489
2019-06-14,SKU0007,1165,1282
2019-08-03,SKU0025,789,1072
2021-12-30,SKU0024,1459,1733
2019-03-31,SKU0003,1050,1124
2023-12-01,SKU0015,1066,1292
2022-06-05,SKU0029,1154,1150
2022-01-07,SKU0018,1239,1229
2020-08-30,SKU0029,597,617
2019-12-15,SKU0010,1368,1177
2019-09-03,SKU0023,1436,1355
2019-09-29,SKU0007,935,857
2024-07-23,SKU0009,1269,1315
2020-02-07,SKU0005,1472,1631
2023-01-05,SKU0020,1011,1207
2022-04-10,SKU0008,20,40
2021-12-15,SKU0014,998,1058
2023-06-03,SKU0004,1431,1288
2022-01-31,SKU0020,456,570
2019-10-11,SKU0028,1467,1726
2020-05-31,SKU0014,1013,940
2022-07-25,SKU0012,264,250
2020-09-03,SKU0002,183,187
2021-01-19,SKU0013,226,111
2022-07-16,SKU0001,1269,1172
2024-01-31,SKU0020,1096,1038
2020-02-04,SKU0007,1173,1177
2023-03-07,SKU0028,1092,1020
2024-07-17,SKU0025,968,1013
2024-11-03,SKU0009,804,641
2019-11-16,SKU0028,1253,1415
2021-11-21,SKU0026,722,630
2019-12-02,SKU0017,1095,1203
2024-09-29,SKU0021,1001,852
2019-06-23,SKU0023,874,674
2023-06-30,SKU0013,1420,1230
2020-05-15,SKU0023,83,196
2024-10-24,SKU0010,739,773
2024-01-31,SKU0016,1322,1249
2024-03-11,SKU0006,1316,1539
2023-07-22,SKU0016,222,235
2023-09-15,SKU0011,792,1074
2023-11-14,SKU0026,732,975
2020-11-27,SKU0020,1239,1281
2021-01-01,SKU0003,1254,1097
2021-12-30,SKU0028,404,209
2020-10-13,SKU0029,1192,1147
2021-12-30,SKU0009,328,542
2019-02-15,SKU0015,425,232
2021-12-06,SKU0028,769,573
2022-12-16,SKU0013,1219,1380
2020-03-31,SKU0010,607,588
2023-07-21,SKU0020,525,436
2021-08-23,SKU0024,624,915
2024-07-13,SKU0013,76,148
2021-05-18,SKU0017,1300,1521
2023-03-09,SKU0007,919,983
2021-09-27,SKU0028,945,1202
2021-02-12,SKU0006,465,476
2022-01-31,SKU0013,1471,1348
2021-11-26,SKU0028,1343,1412
2023-08-05,SKU0017,1183,1136
2023-03-24,SKU0015,491,511
2020-02-01,SKU0004,312,480
2019-04-17,SKU0028,1184,1429
2021-08-11,SKU0015,307,453
2024-01-23,SKU0014,1169,993
2021-07-22,SKU0021,1419,1682
2019-10-15,SKU0011,690,909
2020-12-06,SKU0024,88,241
2024-08-05,SKU0004,734,741
2023-01-24,SKU0003,777,993
2019-08-03,SKU0002,750,552
2022-07-28,SKU0020,1331,1345
2024-05-31,SKU0027,370,564
2023-01-22,SKU0010,450,361
2023-12-30,SKU0030,166,407
2019-12-10,SKU0013,391,382
2019-07-13,SKU0020,735,936
2019-06-07,SKU0029,490,336
2020-04-09,SKU0026,924,1212
2024-11-21,SKU0021,1173,1400
2024-09-12,SKU0029,1491,1511
2023-10-16,SKU0023,1066,1052
2020-08-14,SKU0025,944,793
2024-12-28,SKU0018,28,24
2021-11-20,SKU0021,1054,1069
2021-06-02,SKU0016,692,904
2019-03-04,SKU0011,127,147
2022-01-15,SKU0010,766,945
2019-10-31,SKU0009,1317,1206
2021-12-20,SKU0012,440,471
2020-01-31,SKU0030,868,990
2019-11-30,SKU0029,1411,1468
2020-02-15,SKU0019,523,475
2020-04-10,SKU0001,759,814
2019-03-21,SKU0018,109,311
2022-01-05,SKU0014,1351,1574
2024-05-31,SKU0022,1428,1485
2021-01-02,SKU0021,1268,1534
2023-12-23,SKU0001,162,26
2023-04-13,SKU0017,559,548
2022-10-16,SKU0011,398,288
2024-10-25,SKU0020,582,819
2022-04-02,SKU0028,398,370
2022-04-13,SKU0015,238,284
2023-05-31,SKU0004,1488,1543
2019-05-02,SKU0015,1055,970
2019-07-04,SKU0022,1146,994
2019-02-01,SKU0022,109,135
2021-09-24,SKU0026,1294,1582
2024-06-09,SKU0014,1403,1271
2020-07-22,SKU0022,299,520
2022-10-27,SKU0001,1001,1188
2023-08-07,SKU0026,763,963
2021-04-09,SKU0009,248,173
2023-06-08,SKU0027,520,756
2021-12-15,SKU0007,33,45
2021-03-01,SKU0023,227,79
2021-09-20,SKU0011,584,495
2019-03-19,SKU0023,1422,1380
2019-04-18,SKU0002,957,996
2022-07-20,SKU0002,812,761
2024-08-24,SKU0006,723,661
2020-01-05,SKU0023,583,800
2024-06-27,SKU0019,569,481
2023-08-31,SKU0029,219,161
2020-03-16,SKU0020,1394,1563
2019-08-15,SKU0014,786,723
2020-09-14,SKU0028,527,812
2021-10-21,SKU0003,74,353
2023-04-26,SKU0007,135,371
2023-07-02,SKU0007,73,176
2022-03-30,SKU0004,253,83
2019-06-10,SKU0029,1041,1133
2021-05-20,SKU0023,1021,928
2023-10-12,SKU0005,1066,1149
2022-03-20,SKU0017,49,7
2020-03-19,SKU0026,514,639
2023-11-26,SKU0004,743,556
2023-02-03,SKU0023,730,651
2020-04-07,SKU0013,570,584
2020-04-17,SKU0016,575,646
2019-03-21,SKU0016,1326,1150
2021-11-28,SKU0002,1165,1387
2019-08-28,SKU0018,902,1023
2020-07-10,SKU0001,201,294
2020-08-12,SKU0018,206,174
2022-09-22,SKU0026,414,316
2024-02-28,SKU0030,220,373
2024-05-29,SKU0008,1385,1555
2022-07-27,SKU0011,757,596
2022-02-13,SKU0024,1104,1138
2024-04-23,SKU0024,762,881
2019-12-01,SKU0015,562,450
2019-11-08,SKU0016,1308,1207
2021-12-12,SKU0017,368,311
2019-02-03,SKU0017,895,776
2024-01-16,SKU0012,1369,1245
2020-01-21,SKU0010,203,61
2019-09-06,SKU0020,1048,1076
2022-02-08,SKU0006,956,846
2022-12-04,SKU0008,68,221
2022-04-17,SKU0013,515,709
2021-03-04,SKU0002,239,39
2021-05-01,SKU0029,360,428
2020-01-11,SKU0019,1464,1549
2020-12-24,SKU0022,1054,1050
2023-05-30,SKU0010,706,779
2024-03-28,SKU0004,689,566
2019-07-21,SKU0012,656,596
2024-04-26,SKU0018,1345,1432
2022-08-24,SKU0007,343,213
2020-05-07,SKU0020,535,790
2019-12-04,SKU0024,354,203
2024-05-22,SKU0024,1494,1748
2024-02-09,SKU0023,927,1098
2021-03-02,SKU0026,982,1150
2023-02-25,SKU0025,104,0
2024-07-15,SKU0004,1345,1379
2021-07-30,SKU0007,961,1047
2024-10-23,SKU0010,526,632
2019-02-28,SKU0026,503,457
2024-08-24,SKU0015,1108,967
2022-06-08,SKU0012,930,762
2022-10-09,SKU0001,708,944
2019-02-04,SKU0020,234,160
2019-06-11,SKU0018,1286,1306
2021-06-13,SKU0025,1029,1028
2020-04-15,SKU0016,493,709
2022-12-17,SKU0005,1312,1237
2019-12-14,SKU0019,877,717
2020-11-24,SKU0004,1373,1447
2021-07-23,SKU0006,1223,1491
2021-07-01,SKU0026,966,1062
2019-05-27,SKU0017,965,849
2023-09-08,SKU0007,963,851
2020-11-05,SKU0024,896,737
2022-12-10,SKU0023,1358,1277
2023-02-26,SKU0007,216,294
2022-07-03,SKU0009,622,880
2020-11-16,SKU0013,352,184
2022-01-31,SKU0020,691,766
2019-05-01,SKU0014,674,626
2019-02-11,SKU0016,630,519
2019-01-29,SKU0023,324,227
2021-08-23,SKU0009,900,1135
2024-03-30,SKU0015,1251,1062
2024-06-23,SKU0005,1168,1127
2024-08-23,SKU0018,307,523
2021-07-08,SKU0021,653,910
2021-03-28,SKU0020,284,279
2023-02-17,SKU0008,391,589
2022-04-27,SKU0015,359,465
2021-05-21,SKU0021,768,829
2019-10-22,SKU0025,796,686
2021-05-13,SKU0009,931,927
2021-11-03,SKU0019,164,32
2020-08-17,SKU0029,732,997
2022-03-28,SKU0026,580,599
2023-02-26,SKU0022,820,1038
2022-09-14,SKU0006,1247,1425
2020-09-05,SKU0004,123,136
2024-02-16,SKU0011,343,560
2023-05-23,SKU0029,523,769
2023-05-03,SKU0010,1075,1326
2023-05-12,SKU0003,128,73
2022-03-01,SKU0001,1158,1190
2020-04-09,SKU0012,656,826
2023-01-19,SKU0023,1150,1359
2022-07-14,SKU0015,737,770
2020-07-21,SKU0015,938,951
2019-02-07,SKU0021,70,236
2019-09-02,SKU0014,272,552
2019-01-21,SKU0026,1210,1070
2022-02-07,SKU0007,1026,1188
2023-06-18,SKU0017,1308,1185
2020-01-29,SKU0024,21,0
2022-12-04,SKU0019,165,294
2021-09-13,SKU0007,1333,1631
2023-07-30,SKU0028,874,889
2024-08-17,SKU0003,497,509
2024-03-25,SKU0030,433,536
2019-10-17,SKU0003,757,756
2023-11-22,SKU0026,233,384
2021-06-30,SKU0025,836,666
2019-12-27,SKU0029,662,751
2023-06-11,SKU0018,724,866
2019-08-07,SKU0030,375,647
2024-07-08,SKU0020,729,663
2024-08-02,SKU0022,1269,1151
2024-08-06,SKU0014,302,492
2021-04-11,SKU0003,404,250
2023-11-29,SKU0028,707,898
2023-11-27,SKU0026,916,921
2022-05-28,SKU0030,20,204
2020-08-17,SKU0026,256,436
2024-11-24,SKU0007,398,274
2020-08-03,SKU0007,50,108
2023-10-14,SKU0005,446,682
2024-08-17,SKU0003,1293,1184
2019-03-22,SKU0018,826,1047
2024-11-25,SKU0015,594,828
2022-09-06,SKU0020,817,1015
2023-05-22,SKU0014,635,534
2019-12-12,SKU0029,1285,1467
2024-03-01,SKU0004,1388,1382
2020-07-08,SKU0027,1072,1063
2019-10-29,SKU0024,1141,1008
2019-07-19,SKU0008,1476,1664
2021-11-28,SKU0029,774,815
2019-11-03,SKU0021,972,861
2023-07-15,SKU0013,396,540
2024-02-15,SKU0022,682,491
2024-01-21,SKU0008,1050,1113
2023-10-31,SKU0015,710,777
2019-10-03,SKU0017,1395,1514
2022-03-21,SKU0005,1120,1037
2022-11-02,SKU0020,528,577
2020-09-29,SKU0004,684,542
2023-11-11,SKU0011,612,606
2021-07-18,SKU0018,185,459
2024-02-24,SKU0010,695,544
2019-07-02,SKU0017,214,420
2024-01-19,SKU0030,1274,1369
2019-03-13,SKU0015,215,392
2023-08-04,SKU0006,28,0
2022-07-19,SKU0023,101,362
2021-11-09,SKU0021,122,48
2021-03-25,SKU0016,53,98
2023-03-07,SKU0015,1306,1192
2019-11-06,SKU0008,1140,1418
2024-08-23,SKU0009,615,491
2019-05-12,SKU0011,556,732
2024-02-21,SKU0027,113,116
2021-01-09,SKU0002,854,1136
2021-03-05,SKU0027,675,620
2019-09-15,SKU0013,976,924
2022-06-11,SKU0004,700,992
2024-01-26,SKU0027,1316,1226
2021-09-01,SKU0009,1218,1507
2021-11-13,SKU0005,291,219
2019-09-28,SKU0019,260,312
2022-01-23,SKU0022,1230,1195
2019-05-22,SKU0003,563,659
2021-06-20,SKU0030,48,273
2019-10-01,SKU0021,1029,1323
2020-04-09,SKU0003,378,314
2022-05-16,SKU0006,1417,1495
2022-08-12,SKU0028,223,356
2019-10-15,SKU0010,1046,856
2021-05-25,SKU0005,1007,877
2024-06-15,SKU0030,656,614
2022-01-25,SKU0025,109,124
2022-04-29,SKU0003,723,548
2020-03-22,SKU0022,552,637
2020-12-22,SKU0024,1422,1383
2024-12-03,SKU0007,1195,1424
2022-09-13,SKU0022,1005,906
2020-02-11,SKU0030,697,565
2023-09-22,SKU0018,725,657
2020-11-24,SKU0023,305,293
2020-05-09,SKU0008,958,968
2021-08-05,SKU0001,953,995
2019-01-23,SKU0025,1174,1139
2022-02-02,SKU0004,1451,1662
2023-08-26,SKU0024,620,829
2020-07-11,SKU0026,1490,1350
2023-06-05,SKU0007,629,790
2021-07-29,SKU0014,876,954
2022-05-30,SKU0013,555,784
2023-07-15,SKU0010,66,0
2019-03-19,SKU0023,1179,1008
2022-09-07,SKU0018,834,956
2021-03-17,SKU0001,205,480
2021-11-07,SKU0004,785,745
2021-02-06,SKU0028,154,187
2020-03-29,SKU0016,1097,1283
2022-12-18,SKU0016,1072,1324
2023-02-08,SKU0018,782,958
2021-11-16,SKU0008,1490,1628
2024-03-03,SKU0010,584,553
2019-12-29,SKU0016,707,824
2020-06-08,SKU0023,178,163
2022-05-02,SKU0024,1071,927
2023-01-25,SKU0011,1095,1134
2024-10-04,SKU0006,112,168
2022-06-07,SKU0001,756,913
2024-01-30,SKU0030,896,896
2020-12-22,SKU0029,820,1063
2024-06-06,SKU0029,158,282
2022-04-22,SKU0012,785,899
2022-12-19,SKU0025,1053,1154
2022-10-30,SKU0006,1120,1025
2024-09-19,SKU0028,250,339
2023-02-16,SKU0013,1115,1015
2021-09-30,SKU0026,112,8
2021-07-14,SKU0017,258,210
2021-05-05,SKU0001,106,331
2019-03-25,SKU0008,574,402
2024-09-24,SKU0022,1413,1365
2023-03-23,SKU0008,990,1227
2021-09-12,SKU0024,1381,1559
2024-02-12,SKU0011,1222,1094
2019-05-16,SKU0014,426,479
2022-04-21,SKU0024,858,1108
2023-09-29,SKU0010,917,1115
2022-04-10,SKU0015,1143,946
2021-06-27,SKU0007,1332,1368
2020-08-12,SKU0007,626,463
2024-05-05,SKU0010,474,293
2021-08-13,SKU0004,551,463
2022-02-17,SKU0025,343,165
2022-08-24,SKU0028,627,847
2023-04-03,SKU0018,135,380
2023-12-12,SKU0027,276,442
2024-10-01,SKU0025,30,0
2021-03-16,SKU0010,246,466
2022-12-26,SKU0019,410,457
2019-02-21,SKU0014,26,126
2019-03-13,SKU0013,72,0
2019-01-28,SKU0015,1120,952
2020-04-13,SKU0016,672,606
2021-02-02,SKU0002,1369,1423
2022-11-25,SKU0029,475,552
2021-03-30,SKU0004,1323,1255
2023-01-29,SKU0021,1322,1359
2023-08-03,SKU0018,286,100
2020-07-13,SKU0029,1472,1548
2020-01-14,SKU0017,211,136
2024-04-02,SKU0010,1099,1243
2021-12-11,SKU0027,400,216
2019-03-20,SKU0021,654,765
2022-11-09,SKU0009,1057,906
2021-04-13,SKU0015,497,431
2021-10-28,SKU0028,847,764
2024-09-03,SKU0012,1351,1528
2020-03-25,SKU0021,97,202
2024-06-15,SKU0028,365,224
2023-01-24,SKU0027,462,386
2023-10-09,SKU0026,27,293
2024-05-24,SKU0009,712,627
2023-03-31,SKU0014,1409,1599
2020-11-20,SKU0013,272,495
2024-06-13,SKU0028,825,797
2022-11-02,SKU0026,1150,1136
2020-08-09,SKU0006,201,498
2024-11-21,SKU0019,1310,1197
2024-01-04,SKU0004,449,451
2024-06-08,SKU0020,1111,1271
2020-09-18,SKU0017,1341,1451
2024-07-24,SKU0019,18,137
2019-12-30,SKU0003,1130,1378
2024-12-22,SKU0029,1481,1462
2020-01-09,SKU0014,310,461
2024-09-17,SKU0017,411,378
2024-06-10,SKU0013,741,721
2024-09-25,SKU0009,623,722
2024-09-14,SKU0027,731,977
2024-11-12,SKU0001,634,563
2022-10-16,SKU0025,497,759
2023-03-29,SKU0017,243,191
2022-03-15,SKU0016,689,960
2024-04-24,SKU0018,576,681
2020-01-03,SKU0002,1403,1411
2019-03-06,SKU0014,514,424
2021-01-23,SKU0022,206,441
2023-03-24,SKU0023,947,1246
2024-07-28,SKU0027,393,329
2024-02-20,SKU0017,1044,1198
2023-04-28,SKU0003,1366,1569
2021-01-25,SKU0002,717,727
2023-03-05,SKU0008,201,146
2020-08-19,SKU0025,119,2
2024-01-09,SKU0029,388,217
2022-10-27,SKU0002,233,520
2023-05-06,SKU0002,601,465
2019-04-22,SKU0026,1343,1166
2020-03-28,SKU0009,711,982
2024-12-26,SKU0030,981,1211
2024-02-15,SKU0020,1203,1213
2022-06-16,SKU0021,856,877
2019-09-10,SKU0029,1391,1280
2024-06-27,SKU0027,75,0
2022-12-30,SKU0025,648,619
2024-04-26,SKU0006,649,678
2022-08-19,SKU0026,495,707
2024-10-20,SKU0012,1224,1100
2024-02-01,SKU0025,829,696
2022-01-05,SKU0009,1369,1533
2019-03-03,SKU0007,482,682
2023-02-03,SKU0030,1242,1394
2022-03-26,SKU0012,1083,1271
2021-03-16,SKU0026,990,881
2024-12-12,SKU0025,618,505
2024-02-19,SKU0005,549,813
2020-06-24,SKU0016,645,494
2020-09-17,SKU0005,1244,1146
2023-06-03,SKU0012,501,668
2019-04-16,SKU0024,1156,1379
2022-02-28,SKU0026,845,1136
2023-09-05,SKU0020,52,0
2024-03-23,SKU0009,449,427
2024-08-11,SKU0023,61,127
2020-01-04,SKU0007,1046,1113
2022-06-28,SKU0029,43,239
2021-08-03,SKU0019,819,938
2019-10-20,SKU0020,658,465
2020-08-06,SKU0023,727,975
2024-12-10,SKU0011,851,915
2021-02-03,SKU0027,46,321
2024-10-13,SKU0030,819,1004
2022-07-28,SKU0021,1047,924
2022-11-15,SKU0012,88,284
2020-03-03,SKU0003,1197,1236
2024-07-07,SKU0017,1142,1199
2019-04-17,SKU0007,734,729
2020-10-20,SKU0022,177,436
2022-03-28,SKU0010,1018,1249
2022-05-10,SKU0023,1365,1494
2019-06-04,SKU0015,1082,1012
2021-06-14,SKU0030,900,1151
2023-03-02,SKU0002,437,626
2023-06-09,SKU0013,1451,1593
2021-09-19,SKU0028,425,485
2022-08-16,SKU0004,967,1008
2022-10-17,SKU0018,1404,1590
2022-07-25,SKU0024,485,678
2021-01-28,SKU0023,1208,1178
2021-01-16,SKU0001,459,405
2020-08-15,SKU0002,920,989
2023-03-29,SKU0002,1125,1073
2019-01-16,SKU0004,1038,1217
2021-09-19,SKU0003,747,845
2021-12-04,SKU0017,50,0
2022-09-06,SKU0028,308,256
2020-12-03,SKU0014,1057,1276
2020-09-04,SKU0002,1004,1083
2019-04-15,SKU0016,634,615
2023-02-06,SKU0011,204,169
2020-01-31,SKU0025,739,555
2024-07-03,SKU0013,1093,1042
2021-04-30,SKU0001,1253,1391
2024-06-11,SKU0025,532,376
2020-03-17,SKU0023,107,236
2023-07-27,SKU0002,875,863
2021-05-22,SKU0002,1264,1202
2020-10-28,SKU0021,250,110
2021-11-17,SKU0029,134,227
2020-09-19,SKU0005,1113,1234
2022-11-29,SKU0004,1463,1295
2019-12-14,SKU0012,688,786
2022-06-17,SKU0026,1321,1535
2021-10-14,SKU0026,406,317
2020-07-23,SKU0029,1331,1421
2024-09-04,SKU0028,101,0
2024-05-06,SKU0003,1384,1614
2022-09-13,SKU0020,692,986
2020-10-31,SKU0010,1316,1215
2020-12-18,SKU0020,1169,991
2019-09-24,SKU0018,403,622
2022-12-09,SKU0021,813,1036
2022-09-18,SKU0021,1025,1311
2021-10-19,SKU0021,1142,1159
2024-07-30,SKU0027,854,742
2020-07-18,SKU0027,1214,1222
2022-06-24,SKU0010,1026,1096
2021-11-25,SKU0001,941,1161
2022-11-25,SKU0006,1020,1056
2019-01-28,SKU0011,176,363
2019-08-08,SKU0002,1280,1485
2020-02-10,SKU0007,872,880
2023-06-26,SKU0020,476,553
2023-12-04,SKU0021,397,661
2023-10-26,SKU0021,219,224
2023-08-02,SKU0021,172,49
2021-03-02,SKU0018,735,935
2021-08-20,SKU0021,1413,1540
2022-08-02,SKU0019,501,398
2021-04-13,SKU0004,760,905
2019-11-13,SKU0013,1283,1447
2022-08-13,SKU0018,130,279
2022-08-23,SKU0020,1136,1405
2019-12-17,SKU0029,797,932
2020-05-25,SKU0025,798,691
2020-05-06,SKU0024,929,808
2024-04-15,SKU0013,722,559
2023-06-06,SKU0030,1043,1250
2024-08-18,SKU0027,214,241
2023-03-01,SKU0028,1333,1615
2023-05-03,SKU0019,1274,1207
2023-04-25,SKU0017,487,482
2023-10-28,SKU0001,1405,1670
2024-06-14,SKU0006,1432,1621
2022-06-22,SKU0019,1294,1375
2024-09-11,SKU0020,1430,1330
2021-11-12,SKU0001,1217,1491
2019-02-18,SKU0008,1464,1688
2020-04-06,SKU0017,312,186
2019-12-02,SKU0021,78,171
2022-10-13,SKU0022,179,186
2022-02-19,SKU0015,1003,885
2019-12-25,SKU0018,674,900
2019-07-12,SKU0007,13,249
2022-12-10,SKU0016,858,800
2022-11-01,SKU0007,245,518
2021-01-25,SKU0017,1037,892
2023-08-12,SKU0004,98,258
2021-04-07,SKU0012,32,271
2021-06-08,SKU0013,1459,1545
2020-10-14,SKU0004,256,266
2024-04-05,SKU0021,33,273
2021-04-30,SKU0001,18,0
2019-04-21,SKU0001,1283,1490
2020-09-11,SKU0007,588,445
2021-03-03,SKU0009,1439,1311
2024-09-28,SKU0001,136,150
2022-03-03,SKU0016,358,545
2020-08-10,SKU0018,753,818
2022-08-02,SKU0022,1139,1385
2024-05-11,SKU0015,403,275
2019-10-24,SKU0006,1225,1491
2023-06-18,SKU0002,1399,1469
2020-07-22,SKU0009,249,547
2022-04-02,SKU0004,445,598
2021-04-11,SKU0013,953,986
2020-09-01,SKU0023,277,395
2019-01-16,SKU0022,111,0
2022-10-01,SKU0011,1496,1408
2019-03-13,SKU0013,745,607
2019-09-27,SKU0011,687,858
2019-10-14,SKU0019,391,374
2019-03-07,SKU0008,968,1044
2021-05-29,SKU0007,142,103
2019-03-09,SKU0025,1055,1097
2022-05-01,SKU0016,180,124
2022-11-03,SKU0003,578,523
2021-08-31,SKU0017,797,677
2020-05-22,SKU0018,268,389
2022-01-30,SKU0028,1259,1493
2021-06-04,SKU0027,1300,1420
2024-06-10,SKU0015,552,394
2021-02-13,SKU0028,632,744
2021-07-14,SKU0017,274,467
2019-04-30,SKU0011,742,834
2024-04-22,SKU0005,85,60
2020-05-02,SKU0016,1086,1261
2024-10-26,SKU0015,403,271
2020-03-16,SKU0010,191,46
2020-04-06,SKU0014,1316,1234
2020-09-03,SKU0002,1054,1057
2022-08-10,SKU0016,1353,1572
2023-07-18,SKU0019,106,320
2021-07-05,SKU0008,621,475
2019-01-06,SKU0015,275,112
2020-11-11,SKU0010,650,692
2023-07-02,SKU0030,555,555
2019-04-09,SKU0005,1105,1140
2020-06-09,SKU0020,1087,1360
2022-03-26,SKU0016,566,380
2023-08-17,SKU0021,585,528
2022-02-12,SKU0026,884,760
2020-01-31,SKU0022,128,400
2021-02-08,SKU0012,255,532
2024-01-01,SKU0023,933,1041
2023-03-26,SKU0030,230,469
2020-11-13,SKU0013,1160,1222
2023-04-06,SKU0009,862,846
2019-01-15,SKU0017,1478,1332
2022-05-21,SKU0020,354,461
2019-01-05,SKU0028,145,0
2024-03-23,SKU0012,1056,1154
2022-11-26,SKU0025,259,98
2023-05-27,SKU0005,86,115
2019-06-18,SKU0024,842,1018
2021-03-02,SKU0012,264,349
2021-09-26,SKU0001,391,328
2019-06-01,SKU0020,231,508
2020-05-18,SKU0028,900,802
2023-04-23,SKU0016,587,393
2024-09-22,SKU0030,446,409
2020-05-18,SKU0012,1152,1370
2021-04-22,SKU0009,1294,1565
2019-12-17,SKU0013,1112,1334
2024-09-01,SKU0017,465,684
2023-07-18,SKU0017,933,1097
2020-08-20,SKU0004,1193,1268
2021-12-02,SKU0014,127,0
2019-02-09,SKU0019,1197,1092
2019-06-24,SKU0007,1049,907
2021-09-25,SKU0027,572,602
2023-01-24,SKU0003,510,486
2022-05-01,SKU0001,487,376
2021-04-15,SKU0012,890,971
2021-11-25,SKU0015,578,413
2021-06-16,SKU0011,949,919
2023-04-13,SKU0010,405,330
2021-11-12,SKU0002,1049,1331
2021-07-20,SKU0026,1106,1204
2024-11-08,SKU0029,363,517
2022-06-05,SKU0004,1390,1393
2022-05-10,SKU0017,1083,1171
2022-10-05,SKU0017,550,705
2021-11-27,SKU0028,291,552
2020-05-14,SKU0030,788,684
2023-09-19,SKU0008,815,852
2024-10-16,SKU0023,190,162
2023-10-30,SKU0014,460,560
2024-12-10,SKU0024,663,550
2023-09-05,SKU0029,232,430
2019-12-02,SKU0004,473,623
2022-03-22,SKU0006,1428,1244
2021-02-17,SKU0029,657,596
2022-03-31,SKU0019,270,323
2024-04-17,SKU0027,1157,1234
2023-01-06,SKU0029,170,120
2023-04-11,SKU0024,1438,1583
2021-07-27,SKU0004,27,160
2021-03-14,SKU0003,135,74
2024-04-19,SKU0020,924,837
2020-09-25,SKU0006,404,271
2022-06-07,SKU0027,976,1141
2021-12-18,SKU0023,887,865
2024-11-13,SKU0007,1264,1188
2022-07-09,SKU0014,855,1051
2019-12-20,SKU0012,443,555
2022-03-05,SKU0016,433,543
2024-02-29,SKU0020,1251,1388
2023-12-24,SKU0008,508,670
2021-08-24,SKU0023,1326,1537
2022-03-15,SKU0002,33,190
2023-03-28,SKU0013,1025,1057
2024-11-04,SKU0008,361,588
2019-04-19,SKU0025,1218,1164
2022-09-30,SKU0021,605,834
2023-10-24,SKU0020,1331,1241
2021-09-20,SKU0016,715,877
2023-02-26,SKU0004,249,406
2022-09-18,SKU0029,146,183
2021-04-01,SKU0016,1369,1171
2021-07-25,SKU0020,347,357
2019-07-10,SKU0006,1277,1480
2024-06-19,SKU0027,398,222
2021-07-21,SKU0004,1357,1487
2019-05-22,SKU0016,1199,1182
2024-03-07,SKU0023,124,388
2020-07-19,SKU0023,762,622
2022-07-06,SKU0021,397,319
2023-01-02,SKU0013,130,426
2022-02-08,SKU0005,604,458
2021-01-13,SKU0015,891,853
2020-11-03,SKU0026,821,1082
2020-06-14,SKU0008,901,887
2022-08-06,SKU0007,944,782
2020-07-15,SKU0014,1430,1414
2023-03-14,SKU0007,731,613
2019-10-29,SKU0022,333,327
2019-07-04,SKU0007,1043,876
2020-05-24,SKU0023,204,116
2022-08-26,SKU0026,955,1179
2022-10-01,SKU0030,354,559
2021-03-05,SKU0018,1196,1225
2023-03-04,SKU0030,1212,1294
2021-01-30,SKU0010,823,1027
2020-03-10,SKU0018,1025,1249
2023-03-23,SKU0014,940,1026
2024-07-31,SKU0010,167,121
2023-09-03,SKU0007,367,331
2019-03-10,SKU0030,535,784
2023-06-18,SKU0026,962,943
2024-03-19,SKU0007,579,617
2020-07-07,SKU0007,1393,1329
2024-08-22,SKU0005,949,1087
2022-07-21,SKU0001,1460,1685
2024-09-29,SKU0014,206,425
2020-05-14,SKU0018,1072,1137
2023-03-10,SKU0013,543,529
2023-02-20,SKU0025,128,0
2019-10-06,SKU0008,1470,1579
2021-12-18,SKU0008,613,905
2020-03-21,SKU0010,34,0
2024-11-30,SKU0017,818,1008
2021-04-15,SKU0006,198,257
2021-01-24,SKU0015,76,18
2024-01-20,SKU0015,368,371
2023-05-12,SKU0025,832,807
2023-02-21,SKU0016,525,586
2022-12-01,SKU0008,348,399
2021-12-19,SKU0019,505,633
2023-05-10,SKU0020,642,860
2024-03-23,SKU0015,237,236
2021-10-19,SKU0003,1303,1301
2023-04-11,SKU0006,1455,1450
2019-06-26,SKU0030,137,250
2021-04-26,SKU0025,1292,1168
2022-06-02,SKU0008,1224,1042
2023-05-20,SKU0016,1165,1026
2023-05-24,SKU0015,611,737
2024-05-29,SKU0013,679,872
2024-08-18,SKU0026,838,918
2019-08-24,SKU0020,937,1164
2020-12-10,SKU0015,354,403
2021-03-04,SKU0018,577,603
2024-04-18,SKU0013,846,772
2023-07-28,SKU0024,1352,1209
2019-01-27,SKU0008,558,766
2022-05-11,SKU0014,848,1124
2019-03-26,SKU0028,1254,1429
2024-01-30,SKU0011,1331,1334
2022-01-27,SKU0006,1169,1211
2022-04-28,SKU0030,1175,1341
2019-01-12,SKU0024,139,362
2021-10-09,SKU0025,662,793
2023-10-15,SKU0029,20,319
2024-02-20,SKU0001,1277,1402
2022-08-10,SKU0025,63,114
2022-10-15,SKU0002,1241,1434
2023-08-06,SKU0030,1095,1216
2019-06-29,SKU0013,989,1164
2021-03-07,SKU0001,161,453
2023-01-07,SKU0024,129,337
2024-07-17,SKU0024,580,578
2021-06-05,SKU0027,224,511
2022-04-04,SKU0004,579,721
2023-08-03,SKU0024,1477,1516
2023-02-28,SKU0023,982,920
2021-02-09,SKU0029,1004,925
2022-07-02,SKU0002,1407,1626
2021-08-16,SKU0021,106,0
2021-07-05,SKU0030,620,723
2024-09-01,SKU0026,839,753
2023-11-17,SKU0020,1126,1268
2019-12-05,SKU0016,1164,1214
2023-02-25,SKU0003,576,866
2022-10-27,SKU0017,1157,963
2021-07-03,SKU0005,198,216
2024-01-28,SKU0026,509,385
2020-04-19,SKU0008,666,644
2022-12-17,SKU0012,78,22
2022-10-11,SKU0025,893,1108
2023-01-23,SKU0023,511,464
2024-09-05,SKU0012,249,169
2021-03-11,SKU0027,888,811
2022-05-31,SKU0001,1023,972
2021-05-13,SKU0001,598,794
2022-03-17,SKU0015,752,932
2021-01-08,SKU0017,599,666
2022-10-06,SKU0002,974,1100
2021-09-08,SKU0017,482,282
2024-09-19,SKU0020,835,795
2021-10-08,SKU0026,171,214
2024-10-27,SKU0009,868,1042
2020-12-17,SKU0012,16,213
2023-12-13,SKU0004,1317,1367
2023-01-13,SKU0013,393,559
2022-03-11,SKU0004,1242,1105
2020-09-01,SKU0007,233,331
2024-12-23,SKU0014,1413,1460
2023-12-18,SKU0027,247,488
2022-08-28,SKU0009,51,147
2020-07-08,SKU0023,14,278
2023-07-14,SKU0001,1347,1598
2023-10-22,SKU0001,440,739
2019-02-15,SKU0020,1135,1049
2022-06-13,SKU0004,695,789
2021-12-07,SKU0001,6,0
2024-11-01,SKU0022,825,665
2020-06-26,SKU0010,1268,1240
2022-12-22,SKU0002,1471,1358
2024-10-19,SKU0027,1388,1669
2024-06-15,SKU0021,1390,1287
2021-07-01,SKU0024,1310,1197
2021-12-04,SKU0015,1129,1179
2021-03-22,SKU0003,1036,1170
2023-01-28,SKU0025,1169,1433
2024-03-23,SKU0023,477,417
2023-04-23,SKU0009,630,500
2021-05-16,SKU0017,714,650
2023-11-02,SKU0021,114,405
2020-08-02,SKU0028,508,754
2022-12-13,SKU0013,1175,1073
2020-11-28,SKU0003,56,6
2024-05-30,SKU0004,381,618
2020-12-26,SKU0004,1180,1154
2019-10-13,SKU0011,951,917
2024-03-06,SKU0028,1156,1298
2020-07-23,SKU0007,1186,1395
2024-05-18,SKU0026,274,330
2023-02-22,SKU0011,1100,1297
2020-05-12,SKU0024,43,66
2024-04-01,SKU0011,717,1015
2020-12-05,SKU0010,317,484
2022-09-18,SKU0005,533,662
2020-07-15,SKU0013,1177,1041
2024-06-21,SKU0029,236,104
2019-02-01,SKU0012,892,758
2019-02-12,SKU0010,516,748
2024-03-31,SKU0007,1244,1093
2022-10-06,SKU0019,1333,1446
2024-01-20,SKU0019,1200,1308
2020-07-12,SKU0019,1243,1133
2022-12-07,SKU0012,37,0
2021-07-31,SKU0020,653,826
2023-05-18,SKU0022,1454,1310
2022-10-02,SKU0015,746,887
2024-04-12,SKU0005,1226,1043
2023-06-25,SKU0024,840,911
2024-09-15,SKU0030,447,376
2019-04-02,SKU0014,683,977
2024-01-18,SKU0012,124,192
2019-07-04,SKU0029,1088,1316
2020-12-28,SKU0021,792,671
2021-11-17,SKU0011,783,1038
2023-04-21,SKU0028,1267,1365
2021-04-11,SKU0005,225,480
2019-12-11,SKU0016,464,573
2022-12-13,SKU0030,642,643
2022-05-04,SKU0026,292,316
2024-10-26,SKU0018,720,678
2019-06-16,SKU0012,1404,1407
2019-09-21,SKU0027,755,691
2023-02-04,SKU0027,165,449
2022-05-16,SKU0005,768,640
2022-07-10,SKU0016,1241,1088
2023-03-10,SKU0012,1006,823
2023-12-14,SKU0023,870,1147
2024-02-21,SKU0002,1298,1577
2023-10-16,SKU0030,1075,1362
2024-03-24,SKU0029,1397,1667
2022-08-28,SKU0006,1386,1452
2022-04-12,SKU0023,566,811
2021-02-06,SKU0021,1037,1176
2019-04-11,SKU0025,1363,1181
2023-09-29,SKU0030,601,500
2024-04-03,SKU0004,1112,1027
2022-10-03,SKU0030,904,1049
2019-04-15,SKU0030,40,0
2020-11-24,SKU0013,1327,1406
2023-08-18,SKU0010,1291,1359
2022-08-03,SKU0017,1161,1085
2021-12-06,SKU0014,1029,944
2021-12-02,SKU0024,241,214
2021-03-28,SKU0015,161,141
2023-03-17,SKU0008,1018,1043
2024-12-31,SKU0023,691,647
2021-06-08,SKU0024,808,771
2024-02-21,SKU0018,978,848
2024-02-17,SKU0003,517,815
2021-02-28,SKU0025,897,918
2020-07-06,SKU0017,782,707
2021-04-23,SKU0024,1424,1368
2020-10-20,SKU0024,783,758
2021-10-15,SKU0007,1179,1439
2024-05-07,SKU0013,84,35
2022-04-05,SKU0030,1033,1014
2021-01-20,SKU0027,137,311
2021-02-13,SKU0016,753,1031
2022-10-12,SKU0005,905,1051
2020-11-22,SKU0004,712,1009
2020-12-19,SKU0026,155,39
2019-08-22,SKU0010,407,570
2024-09-02,SKU0013,786,968
2022-11-05,SKU0010,1248,1168
2021-10-02,SKU0014,579,507
2022-10-01,SKU0026,1207,1469
2022-11-02,SKU0022,1218,1468
2024-08-26,SKU0012,553,358
2020-12-17,SKU0027,395,528
2023-04-12,SKU0001,1157,1139
2023-09-08,SKU0029,1332,1169
2022-05-10,SKU0021,809,1025
2022-06-25,SKU0030,961,876
2024-12-05,SKU0020,541,442
2019-01-09,SKU0020,1032,839
2020-08-20,SKU0007,986,1003
2019-01-23,SKU0009,169,175
2024-06-13,SKU0008,289,166
2023-05-28,SKU0027,1191,1358
2024-09-05,SKU0013,1367,1570
2022-01-09,SKU0014,1168,1022
2019-04-02,SKU0012,1436,1539
2021-04-30,SKU0008,739,1005
2024-06-05,SKU0021,587,826
2022-01-12,SKU0022,734,1014
2019-10-27,SKU0018,456,483
2023-01-17,SKU0016,700,587
2022-07-28,SKU0029,978,787
2021-09-27,SKU0011,1325,1432
2021-12-18,SKU0016,45,278
2022-09-27,SKU0014,1040,1129
2024-10-10,SKU0003,1383,1346
2021-02-14,SKU0021,1284,1322
2022-12-23,SKU0002,1146,1262
2023-08-09,SKU0003,230,513
2023-10-18,SKU0004,949,892
2024-01-26,SKU0022,636,770
2024-03-12,SKU0005,111,0
2023-09-26,SKU0010,592,462
2022-08-20,SKU0020,1269,1243
2020-09-06,SKU0029,858,999
2019-09-02,SKU0002,390,477
2021-01-26,SKU0012,391,489
2021-04-03,SKU0027,327,465
2024-01-21,SKU0005,1238,1461
2022-12-06,SKU0005,746,793
2022-05-25,SKU0027,366,358
2020-05-30,SKU0023,81,299
2020-04-18,SKU0001,805,929
2019-02-05,SKU0004,821,926
2022-11-11,SKU0027,1099,1166
2023-11-28,SKU0021,951,954
2023-10-01,SKU0024,371,511
2021-04-09,SKU0012,1288,1210
2021-12-28,SKU0012,263,120
2022-03-31,SKU0016,109,247
2023-10-29,SKU0024,306,552
2021-08-02,SKU0017,1223,1223
2023-02-20,SKU0021,225,515
2020-03-06,SKU0010,184,416
2024-07-15,SKU0017,963,874
2021-05-08,SKU0017,30,0
2019-08-18,SKU0018,613,448
2019-06-27,SKU0002,98,131
2022-12-04,SKU0025,1362,1471
2023-06-02,SKU0004,810,656
2023-10-30,SKU0019,1289,1203
2023-11-10,SKU0011,651,866
2021-09-01,SKU0017,813,867
2019-03-23,SKU0012,1373,1655
2021-04-25,SKU0002,1019,1041
2022-05-01,SKU0006,977,900
2020-09-09,SKU0009,1480,1716
2020-03-20,SKU0005,87,46
2021-07-11,SKU0020,1086,1331
2019-07-12,SKU0029,921,1141
2023-07-21,SKU0021,1410,1305
2019-10-16,SKU0009,1482,1388
2022-03-13,SKU0028,585,504
2022-12-01,SKU0029,817,717
2024-01-09,SKU0023,931,833
2024-05-24,SKU0008,1292,1257
2021-06-14,SKU0020,796,1009
2021-07-08,SKU0027,1018,1003
2024-07-27,SKU0008,1012,843
2023-04-02,SKU0022,972,1264
2023-08-28,SKU0021,632,497
2024-08-22,SKU0029,345,323
2023-09-22,SKU0028,723,789
2024-03-12,SKU0023,900,1142
2023-12-05,SKU0006,1101,1304
2019-11-08,SKU0003,1388,1224
2022-02-01,SKU0005,1037,1037
2019-12-05,SKU0009,135,292
2019-12-25,SKU0007,1327,1175
2022-03-18,SKU0028,396,470
2021-02-06,SKU0004,791,1029
2024-09-20,SKU0007,78,45
2019-07-21,SKU0005,704,766
2023-08-20,SKU0011,981,913
2020-04-08,SKU0029,1441,1735
2020-03-24,SKU0015,1265,1362
2021-07-01,SKU0002,1074,1217
2021-03-08,SKU0013,743,718
2021-03-04,SKU0022,383,671
2020-03-12,SKU0016,374,564
2024-03-31,SKU0007,205,15
2023-11-09,SKU0008,488,488
2020-06-14,SKU0006,1404,1636
2020-07-18,SKU0024,880,1093
2023-06-09,SKU0007,1334,1430
2022-07-20,SKU0018,1398,1200
2019-08-01,SKU0030,631,644
2021-08-06,SKU0022,591,686
2022-02-01,SKU0025,1065,1171
2019-07-11,SKU0028,532,799
2022-11-04,SKU0022,521,352
2024-06-13,SKU0020,824,671
2022-01-09,SKU0007,1176,1302
2020-12-05,SKU0003,1335,1386
2020-07-02,SKU0005,1317,1315
2024-02-05,SKU0001,597,800
2019-06-03,SKU0015,112,0
2023-07-24,SKU0026,1135,1043
2020-07-24,SKU0003,1198,1288
2023-11-20,SKU0008,1325,1232
2021-03-15,SKU0025,733,940
2021-03-09,SKU0009,1244,1083
2020-09-02,SKU0015,1194,1454
2023-12-12,SKU0010,317,168
2019-05-23,SKU0002,995,906
2019-09-29,SKU0020,212,306
2023-04-05,SKU0005,252,119
2024-09-24,SKU0019,123,111
2024-11-12,SKU0013,1236,1367
2024-10-12,SKU0011,623,631
2020-04-03,SKU0001,1108,972
2023-10-05,SKU0022,1088,949
2022-12-03,SKU0030,1341,1605
2020-05-20,SKU0015,1369,1426
2023-09-06,SKU0026,1266,1199
2022-01-01,SKU0018,897,1188
2019-03-25,SKU0016,1160,1081
2019-02-28,SKU0009,246,376
2021-11-10,SKU0001,440,410
2023-01-21,SKU0011,44,53
2022-09-14,SKU0009,657,752
2023-05-16,SKU0023,879,767
2020-07-29,SKU0011,1016,982
2020-11-10,SKU0013,553,380
2019-07-22,SKU0026,808,845
2022-02-03,SKU0002,970,1105
2019-11-14,SKU0014,1112,974
2022-04-20,SKU0006,729,976
2023-06-27,SKU0008,1020,1074
2023-12-02,SKU0018,953,1148
2020-02-10,SKU0016,1251,1091
2020-11-09,SKU0021,1314,1613
2022-06-24,SKU0029,1445,1273
2024-03-04,SKU0012,1090,1168
2023-03-28,SKU0011,1274,1542
2023-07-02,SKU0006,1064,943
2022-09-21,SKU0003,98,0
2022-12-16,SKU0014,1329,1240
2021-04-14,SKU0028,871,1031
2023-07-27,SKU0002,1479,1579
2024-04-14,SKU0011,300,189
2019-10-08,SKU0022,1222,1250
2023-12-19,SKU0003,487,436
2021-07-21,SKU0018,1129,1171
2020-08-30,SKU0001,1424,1361
2020-04-27,SKU0030,1004,938
2022-05-31,SKU0024,476,732
2023-11-08,SKU0001,1145,1033
2024-12-04,SKU0012,1100,1393
2019-07-11,SKU0015,1335,1149
2024-07-10,SKU0005,1135,1267
2019-11-03,SKU0027,860,1021
2020-06-15,SKU0006,808,781
2019-05-02,SKU0016,517,406
2020-08-14,SKU0027,1220,1232
2023-01-15,SKU0012,1121,1263
2019-02-28,SKU0012,458,318
2023-04-23,SKU0003,229,392
2022-02-14,SKU0030,1191,1210
2023-12-16,SKU0023,7,0
2023-12-11,SKU0002,1195,1301
2020-02-03,SKU0007,1383,1348
2021-07-30,SKU0002,194,5
2020-06-11,SKU0021,1292,1307
2023-11-10,SKU0007,1042,918
2022-11-22,SKU0011,353,384
2023-07-28,SKU0011,1072,983
2023-03-31,SKU0014,463,328
2020-03-11,SKU0003,355,336
2021-04-19,SKU0014,849,1071
2019-12-26,SKU0011,973,976
2022-02-26,SKU0004,1181,1403
2021-05-13,SKU0017,65,235
2023-07-09,SKU0016,858,863
2023-09-29,SKU0003,570,655
2022-05-30,SKU0025,307,211
2021-07-04,SKU0010,1360,1401
2023-12-04,SKU0021,782,816
2024-12-22,SKU0015,120,95
2020-01-21,SKU0008,765,775
2022-08-19,SKU0018,1427,1257
2023-12-11,SKU0003,772,806
2023-05-05,SKU0007,95,136
2022-04-27,SKU0030,1137,1427
2023-03-30,SKU0010,986,938
2020-01-24,SKU0020,1452,1447
2020-12-04,SKU0009,539,836
2023-10-05,SKU0014,1,235
2021-05-13,SKU0023,1235,1303
2021-11-25,SKU0014,579,862
2019-03-20,SKU0011,332,578
2022-07-22,SKU0028,1047,1230
2022-07-25,SKU0001,1391,1360
2020-11-04,SKU0004,741,978
2019-07-23,SKU0026,505,661
2021-09-11,SKU0027,999,1121
2024-05-29,SKU0006,1199,1334
2019-01-17,SKU0022,1452,1725
2020-04-20,SKU0026,732,763
2021-10-13,SKU0022,1465,1448
2019-07-29,SKU0005,513,671
2020-05-13,SKU0003,894,968
2020-03-04,SKU0002,360,589
2022-08-22,SKU0003,273,471
2024-10-06,SKU0009,176,7
2023-04-03,SKU0019,1287,1263
2022-05-16,SKU0019,1209,1413
2023-03-15,SKU0017,526,390
2024-02-11,SKU0018,912,909
2024-02-20,SKU0011,278,104
2021-06-17,SKU0012,705,655
2022-01-11,SKU0003,1221,1323
2021-12-03,SKU0018,1372,1650
2023-02-15,SKU0024,1444,1511
2023-07-26,SKU0006,1328,1212
2020-05-07,SKU0007,63,362
2020-08-27,SKU0001,289,154
2021-08-05,SKU0006,17,0
2019-10-21,SKU0018,63,255
2022-03-17,SKU0013,329,532
2024-07-11,SKU0022,762,927
2019-06-21,SKU0019,1040,921
2023-05-06,SKU0007,442,622
2020-06-14,SKU0019,140,258
2022-02-17,SKU0009,1331,1600
2024-02-03,SKU0003,443,570
2023-10-27,SKU0023,495,392
2024-10-14,SKU0012,425,297
2024-12-28,SKU0020,1498,1624
2019-07-08,SKU0024,1268,1097
2019-06-07,SKU0030,449,373
2024-05-24,SKU0018,350,359
2019-09-03,SKU0008,598,872
2021-04-29,SKU0009,710,781
2023-12-16,SKU0013,869,881
2021-12-30,SKU0008,1184,1116
2022-08-29,SKU0022,1163,1119
2024-10-27,SKU0010,392,238
2019-06-18,SKU0017,841,997
2023-07-10,SKU0007,400,562
2023-02-18,SKU0017,49,230
2023-12-01,SKU0023,743,564
2020-09-11,SKU0030,1318,1579
2024-12-04,SKU0018,1448,1688
2019-12-23,SKU0024,905,787
2023-08-05,SKU0002,1035,1253
2022-04-26,SKU0003,1358,1629
2022-07-28,SKU0029,990,1023
2023-03-15,SKU0028,1038,897
2023-01-29,SKU0019,27,280
2024-05-17,SKU0001,387,374
2022-09-23,SKU0021,1315,1172
2019-07-18,SKU0021,832,890
2023-11-23,SKU0010,249,210
2021-12-09,SKU0021,97,197
2022-03-11,SKU0014,1360,1465
2023-12-12,SKU0013,1062,863
2023-03-18,SKU0009,1061,1131
2019-01-31,SKU0006,1323,1543
2020-10-21,SKU0006,178,120
2020-06-30,SKU0019,891,878
2022-02-03,SKU0021,1492,1643
2024-11-14,SKU0010,1305,1445
2020-01-06,SKU0023,749,996
2022-01-28,SKU0003,1187,1451
2023-01-08,SKU0018,452,733
2023-01-31,SKU0021,96,119
2024-10-03,SKU0019,308,605
2022-02-25,SKU0005,261,427
2024-09-10,SKU0025,292,271
2019-04-03,SKU0011,248,70
2022-07-05,SKU0010,244,398
2024-04-09,SKU0017,250,86
2022-05-28,SKU0004,122,28
2023-04-21,SKU0026,324,420
2020-02-20,SKU0021,985,1013
2023-03-25,SKU0018,500,612
2020-11-19,SKU0028,686,582
2023-07-24,SKU0018,1089,1169
2024-08-20,SKU0001,835,744
2023-03-11,SKU0014,58,0
2020-02-23,SKU0008,730,569
2022-02-19,SKU0002,1396,1280
2021-06-29,SKU0019,265,366
2022-09-16,SKU0015,235,222
2023-04-16,SKU0028,897,936
2020-02-16,SKU0002,217,374
2022-06-01,SKU0004,1464,1751
2019-06-02,SKU0030,1429,1582
2022-05-20,SKU0001,974,792
2019-04-02,SKU0019,588,734
2019-11-27,SKU0021,916,1108
2023-07-23,SKU0010,1492,1616
2021-08-12,SKU0001,917,977
2022-06-05,SKU0020,1133,1405
2019-07-13,SKU0022,352,561
2020-06-13,SKU0015,90,292
2022-06-20,SKU0004,1437,1394
2023-01-13,SKU0007,701,984
2020-09-30,SKU0030,72,175
2023-05-30,SKU0007,684,595
2023-05-17,SKU0022,721,664
2020-11-28,SKU0025,1321,1376
2024-08-07,SKU0018,1306,1560
2023-08-29,SKU0013,1221,1038
2020-06-23,SKU0010,957,940
2019-11-26,SKU0024,1055,1259
2020-04-14,SKU0008,647,733
2020-06-17,SKU0027,759,943
2024-05-16,SKU0010,870,800
2020-04-11,SKU0014,1364,1642
2021-01-31,SKU0014,1357,1437
2021-10-02,SKU0027,142,186
2021-06-09,SKU0020,1433,1240
2024-05-09,SKU0022,948,940
2021-08-11,SKU0011,43,160
2022-12-14,SKU0006,31,221
2023-07-31,SKU0021,27,0
2021-04-11,SKU0030,1019,954
2021-04-23,SKU0001,422,240
2022-08-12,SKU0019,490,690
2019-07-03,SKU0007,159,97
2022-07-07,SKU0024,844,1010
2023-08-18,SKU0018,1230,1518
2022-12-03,SKU0003,17,0
2023-12-02,SKU0020,1126,936
2020-09-18,SKU0030,671,956
2024-08-17,SKU0011,231,71
2021-02-21,SKU0005,423,668
2023-02-16,SKU0019,903,816
2023-11-20,SKU0021,754,733
2021-02-13,SKU0024,836,829
2023-10-26,SKU0024,893,888
2024-02-07,SKU0030,238,535
2021-10-03,SKU0002,1357,1504
2020-11-07,SKU0022,148,172
2024-01-05,SKU0004,622,752
2019-07-30,SKU0025,1431,1553
2022-08-29,SKU0010,16,239
2023-06-16,SKU0002,913,973
2022-09-22,SKU0008,225,140
2020-05-04,SKU0001,651,919
2022-11-27,SKU0027,259,208
2019-07-10,SKU0006,673,590
2021-04-22,SKU0011,173,137
2019-12-01,SKU0027,204,255
2023-07-01,SKU0030,414,480
2022-01-15,SKU0028,1176,1019
2020-08-01,SKU0010,1126,1395
2019-03-03,SKU0013,791,1079
2020-01-22,SKU0001,1088,1068
2022-03-15,SKU0002,1140,1016
2020-09-10,SKU0003,1179,1352
2023-08-11,SKU0009,1105,1020
2024-02-21,SKU0005,517,761
2020-05-01,SKU0010,1090,956
2022-07-01,SKU0010,1261,1073
2020-06-24,SKU0012,978,869
2023-03-16,SKU0018,1009,1054
2024-08-22,SKU0026,1349,1415
2019-05-31,SKU0021,589,527
2021-12-09,SKU0021,66,206
2022-05-23,SKU0001,1199,1242
2021-09-17,SKU0003,683,823
2020-01-07,SKU0005,1278,1468
2022-02-10,SKU0025,62,134
2024-10-01,SKU0026,813,916
2022-02-27,SKU0017,402,599
2019-07-12,SKU0008,191,181
2021-12-16,SKU0017,1352,1599
2024-11-14,SKU0009,70,0
2019-07-17,SKU0006,877,1007
2023-05-18,SKU0017,740,744
2023-05-20,SKU0008,945,1193
2020-11-14,SKU0021,1086,1303
2019-11-29,SKU0007,1320,1256
2022-05-28,SKU0007,244,120
2022-11-22,SKU0015,518,701
2022-09-27,SKU0007,392,228
2023-12-27,SKU0022,771,856
2023-01-31,SKU0027,1200,1424
2023-11-07,SKU0008,1227,1455
2024-07-03,SKU0009,910,1194
2022-04-27,SKU0028,1151,1253
2022-02-17,SKU0015,1218,1152
2019-04-15,SKU0002,1217,1158
2021-03-17,SKU0007,183,236
2021-11-30,SKU0015,246,93
2021-06-07,SKU0018,323,377
2019-11-17,SKU0022,159,92
2023-02-09,SKU0018,705,794
2023-04-18,SKU0010,621,628
2023-12-02,SKU0022,924,1222
2023-02-28,SKU0018,65,0
2024-04-02,SKU0001,929,1212
2024-02-09,SKU0007,253,98
2022-11-06,SKU0003,282,524
2023-02-13,SKU0014,1083,952
2024-05-13,SKU0012,117,52
2019-01-05,SKU0014,422,501
2024-09-12,SKU0029,555,421
2022-03-14,SKU0004,35,0
2019-12-14,SKU0013,530,553
2023-11-01,SKU0016,90,0
2019-05-05,SKU0016,1324,1413
2023-12-19,SKU0022,1240,1148
2020-05-12,SKU0005,97,161
2022-03-22,SKU0020,1479,1341
2019-02-22,SKU0025,530,789
2019-05-29,SKU0006,537,602
2020-05-17,SKU0006,1051,988
2021-05-19,SKU0018,1347,1580
2019-08-07,SKU0006,1246,1089
2022-07-24,SKU0007,79,252
2024-10-31,SKU0024,562,793
2021-01-07,SKU0030,1481,1751
2019-10-17,SKU0024,613,674
2019-12-05,SKU0016,175,190
2023-08-21,SKU0009,521,441
2024-02-12,SKU0026,1480,1431
2021-09-13,SKU0027,422,434
2021-08-16,SKU0013,1123,1156
2022-05-15,SKU0012,1426,1576
2022-07-12,SKU0019,575,485
2024-06-29,SKU0026,1403,1644
2020-01-08,SKU0023,530,690
2023-02-20,SKU0023,331,450
2020-06-14,SKU0001,1341,1362
2021-07-12,SKU0008,652,891
2019-01-23,SKU0004,739,764
2024-11-21,SKU0021,1112,1121
2019-08-29,SKU0030,510,705
2021-10-01,SKU0022,41,259
2024-03-11,SKU0019,884,754
2022-03-11,SKU0021,1412,1700
2021-03-24,SKU0026,80,239
2020-10-16,SKU0005,401,289
2021-02-21,SKU0017,106,167
2019-01-08,SKU0003,1134,1382
2023-09-11,SKU0019,1300,1465
2020-07-28,SKU0001,1237,1500
2021-06-30,SKU0029,505,492
2020-06-01,SKU0023,1144,1055
2023-03-22,SKU0001,1157,1408
2020-04-27,SKU0023,719,931
2020-08-01,SKU0020,1394,1615
2020-01-22,SKU0009,256,294
2020-02-16,SKU0023,953,1228
2024-02-09,SKU0005,1203,1258
2022-10-25,SKU0007,932,881
2022-10-08,SKU0025,1071,997
2024-05-21,SKU0026,896,1087
2022-09-21,SKU0006,18,136
2021-06-24,SKU0017,1069,1348
2022-08-05,SKU0022,450,730
2021-08-20,SKU0017,897,1093
2021-08-22,SKU0013,1079,1289
2024-12-27,SKU0012,740,941
2024-05-30,SKU0004,1115,1188
2021-11-02,SKU0030,81,213
2020-10-25,SKU0008,736,1005
2021-04-04,SKU0005,78,323
2024-03-02,SKU0005,282,479
2021-09-18,SKU0013,1334,1272
2022-02-06,SKU0026,996,898
2023-10-06,SKU0011,159,200
2021-12-19,SKU0008,1339,1255
2020-03-10,SKU0008,1179,1192
2019-01-21,SKU0001,887,1170
2024-04-09,SKU0013,467,283
2023-01-12,SKU0029,852,830
2022-01-04,SKU0005,461,484
2020-01-25,SKU0028,853,922
2022-09-16,SKU0021,116,405
2020-03-01,SKU0008,363,475
